DIA,GRUPO ET√ÅRIO,CASOS_CONFIRMADOS,OBITOS
26 FEV 2020,0-9,,
26 FEV 2020,10-19,,
26 FEV 2020,20-29,,
26 FEV 2020,30-39,,
26 FEV 2020,40-49,,
26 FEV 2020,50-59,,
26 FEV 2020,60-69,,
26 FEV 2020,70-79,,
26 FEV 2020,80+,,
27 FEV 2020,0-9,,
27 FEV 2020,10-19,,
27 FEV 2020,20-29,,
27 FEV 2020,30-39,,
27 FEV 2020,40-49,,
27 FEV 2020,50-59,,
27 FEV 2020,60-69,,
27 FEV 2020,70-79,,
27 FEV 2020,80+,,
28 FEV 2020,0-9,,
28 FEV 2020,10-19,,
28 FEV 2020,20-29,,
28 FEV 2020,30-39,,
28 FEV 2020,40-49,,
28 FEV 2020,50-59,,
28 FEV 2020,60-69,,
28 FEV 2020,70-79,,
28 FEV 2020,80+,,
29 FEV 2020,0-9,,
29 FEV 2020,10-19,,
29 FEV 2020,20-29,,
29 FEV 2020,30-39,,
29 FEV 2020,40-49,,
29 FEV 2020,50-59,,
29 FEV 2020,60-69,,
29 FEV 2020,70-79,,
29 FEV 2020,80+,,
01 MAR 2020,0-9,,
01 MAR 2020,10-19,,
01 MAR 2020,20-29,,
01 MAR 2020,30-39,,
01 MAR 2020,40-49,,
01 MAR 2020,50-59,,
01 MAR 2020,60-69,,
01 MAR 2020,70-79,,
01 MAR 2020,80+,,
02 MAR 2020,0-9,,
02 MAR 2020,10-19,,
02 MAR 2020,20-29,,
02 MAR 2020,30-39,,
02 MAR 2020,40-49,,
02 MAR 2020,50-59,,
02 MAR 2020,60-69,,
02 MAR 2020,70-79,,
02 MAR 2020,80+,,
03 MAR 2020,0-9,,
03 MAR 2020,10-19,,
03 MAR 2020,20-29,,
03 MAR 2020,30-39,,
03 MAR 2020,40-49,,
03 MAR 2020,50-59,,
03 MAR 2020,60-69,,
03 MAR 2020,70-79,,
03 MAR 2020,80+,,
04 MAR 2020,0-9,0.0,
04 MAR 2020,10-19,0.0,
04 MAR 2020,20-29,0.0,
04 MAR 2020,30-39,0.0,
04 MAR 2020,40-49,2.0,
04 MAR 2020,50-59,0.0,
04 MAR 2020,60-69,0.0,
04 MAR 2020,70-79,0.0,
04 MAR 2020,80+,0.0,
05 MAR 2020,0-9,0.0,
05 MAR 2020,10-19,0.0,
05 MAR 2020,20-29,0.0,
05 MAR 2020,30-39,0.0,
05 MAR 2020,40-49,1.0,
05 MAR 2020,50-59,1.0,
05 MAR 2020,60-69,1.0,
05 MAR 2020,70-79,0.0,
05 MAR 2020,80+,0.0,
06 MAR 2020,0-9,0.0,
06 MAR 2020,10-19,0.0,
06 MAR 2020,20-29,0.0,
06 MAR 2020,30-39,0.0,
06 MAR 2020,40-49,2.0,
06 MAR 2020,50-59,1.0,
06 MAR 2020,60-69,0.0,
06 MAR 2020,70-79,1.0,
06 MAR 2020,80+,0.0,
07 MAR 2020,0-9,0.0,
07 MAR 2020,10-19,3.0,
07 MAR 2020,20-29,1.0,
07 MAR 2020,30-39,1.0,
07 MAR 2020,40-49,2.0,
07 MAR 2020,50-59,0.0,
07 MAR 2020,60-69,1.0,
07 MAR 2020,70-79,0.0,
07 MAR 2020,80+,0.0,
08 MAR 2020,0-9,0.0,
08 MAR 2020,10-19,2.0,
08 MAR 2020,20-29,1.0,
08 MAR 2020,30-39,1.0,
08 MAR 2020,40-49,2.0,
08 MAR 2020,50-59,1.0,
08 MAR 2020,60-69,1.0,
08 MAR 2020,70-79,1.0,
08 MAR 2020,80+,0.0,
09 MAR 2020,0-9,0.0,
09 MAR 2020,10-19,1.0,
09 MAR 2020,20-29,0.0,
09 MAR 2020,30-39,2.0,
09 MAR 2020,40-49,4.0,
09 MAR 2020,50-59,1.0,
09 MAR 2020,60-69,0.0,
09 MAR 2020,70-79,1.0,
09 MAR 2020,80+,0.0,
10 MAR 2020,0-9,0.0,
10 MAR 2020,10-19,0.0,
10 MAR 2020,20-29,0.0,
10 MAR 2020,30-39,0.0,
10 MAR 2020,40-49,0.0,
10 MAR 2020,50-59,0.0,
10 MAR 2020,60-69,2.0,
10 MAR 2020,70-79,0.0,
10 MAR 2020,80+,0.0,
11 MAR 2020,0-9,1.0,
11 MAR 2020,10-19,5.0,
11 MAR 2020,20-29,2.0,
11 MAR 2020,30-39,3.0,
11 MAR 2020,40-49,2.0,
11 MAR 2020,50-59,1.0,
11 MAR 2020,60-69,0.0,
11 MAR 2020,70-79,2.0,
11 MAR 2020,80+,2.0,
12 MAR 2020,0-9,0.0,
12 MAR 2020,10-19,1.0,
12 MAR 2020,20-29,3.0,
12 MAR 2020,30-39,5.0,
12 MAR 2020,40-49,5.0,
12 MAR 2020,50-59,4.0,
12 MAR 2020,60-69,1.0,
12 MAR 2020,70-79,0.0,
12 MAR 2020,80+,0.0,
13 MAR 2020,0-9,0.0,
13 MAR 2020,10-19,3.0,
13 MAR 2020,20-29,4.0,
13 MAR 2020,30-39,10.0,
13 MAR 2020,40-49,7.0,
13 MAR 2020,50-59,5.0,
13 MAR 2020,60-69,4.0,
13 MAR 2020,70-79,1.0,
13 MAR 2020,80+,0.0,
14 MAR 2020,0-9,0.0,
14 MAR 2020,10-19,4.0,
14 MAR 2020,20-29,8.0,
14 MAR 2020,30-39,13.0,
14 MAR 2020,40-49,13.0,
14 MAR 2020,50-59,12.0,
14 MAR 2020,60-69,1.0,
14 MAR 2020,70-79,5.0,
14 MAR 2020,80+,1.0,
15 MAR 2020,0-9,0.0,
15 MAR 2020,10-19,6.0,
15 MAR 2020,20-29,9.0,
15 MAR 2020,30-39,18.0,
15 MAR 2020,40-49,12.0,
15 MAR 2020,50-59,17.0,
15 MAR 2020,60-69,6.0,
15 MAR 2020,70-79,6.0,
15 MAR 2020,80+,2.0,
16 MAR 2020,0-9,2.0,
16 MAR 2020,10-19,2.0,
16 MAR 2020,20-29,10.0,
16 MAR 2020,30-39,10.0,
16 MAR 2020,40-49,15.0,
16 MAR 2020,50-59,9.0,
16 MAR 2020,60-69,19.0,
16 MAR 2020,70-79,11.0,
16 MAR 2020,80+,7.0,
17 MAR 2020,0-9,0.0,
17 MAR 2020,10-19,5.0,
17 MAR 2020,20-29,17.0,
17 MAR 2020,30-39,23.0,
17 MAR 2020,40-49,25.0,
17 MAR 2020,50-59,21.0,
17 MAR 2020,60-69,15.0,
17 MAR 2020,70-79,7.0,
17 MAR 2020,80+,5.0,
18 MAR 2020,0-9,13.0,
18 MAR 2020,10-19,4.0,
18 MAR 2020,20-29,32.0,
18 MAR 2020,30-39,29.0,
18 MAR 2020,40-49,45.0,
18 MAR 2020,50-59,19.0,
18 MAR 2020,60-69,25.0,
18 MAR 2020,70-79,14.0,
18 MAR 2020,80+,13.0,
19 MAR 2020,0-9,1.0,
19 MAR 2020,10-19,3.0,
19 MAR 2020,20-29,15.0,
19 MAR 2020,30-39,29.0,
19 MAR 2020,40-49,29.0,
19 MAR 2020,50-59,29.0,
19 MAR 2020,60-69,19.0,
19 MAR 2020,70-79,10.0,
19 MAR 2020,80+,8.0,
20 MAR 2020,0-9,1.0,
20 MAR 2020,10-19,5.0,
20 MAR 2020,20-29,24.0,
20 MAR 2020,30-39,41.0,
20 MAR 2020,40-49,29.0,
20 MAR 2020,50-59,53.0,
20 MAR 2020,60-69,36.0,
20 MAR 2020,70-79,31.0,
20 MAR 2020,80+,14.0,
21 MAR 2020,0-9,0.0,
21 MAR 2020,10-19,5.0,
21 MAR 2020,20-29,31.0,
21 MAR 2020,30-39,47.0,
21 MAR 2020,40-49,46.0,
21 MAR 2020,50-59,40.0,
21 MAR 2020,60-69,48.0,
21 MAR 2020,70-79,23.0,
21 MAR 2020,80+,21.0,
22 MAR 2020,0-9,5.0,
22 MAR 2020,10-19,8.0,
22 MAR 2020,20-29,30.0,
22 MAR 2020,30-39,54.0,
22 MAR 2020,40-49,72.0,
22 MAR 2020,50-59,68.0,
22 MAR 2020,60-69,33.0,
22 MAR 2020,70-79,28.0,
22 MAR 2020,80+,22.0,
23 MAR 2020,0-9,2.0,
23 MAR 2020,10-19,9.0,
23 MAR 2020,20-29,53.0,
23 MAR 2020,30-39,59.0,
23 MAR 2020,40-49,90.0,
23 MAR 2020,50-59,79.0,
23 MAR 2020,60-69,81.0,
23 MAR 2020,70-79,39.0,
23 MAR 2020,80+,48.0,
24 MAR 2020,0-9,0.0,
24 MAR 2020,10-19,-1.0,
24 MAR 2020,20-29,38.0,
24 MAR 2020,30-39,47.0,
24 MAR 2020,40-49,44.0,
24 MAR 2020,50-59,62.0,
24 MAR 2020,60-69,54.0,
24 MAR 2020,70-79,33.0,
24 MAR 2020,80+,25.0,
25 MAR 2020,0-9,9.0,0.0
25 MAR 2020,10-19,12.0,0.0
25 MAR 2020,20-29,70.0,0.0
25 MAR 2020,30-39,96.0,0.0
25 MAR 2020,40-49,103.0,0.0
25 MAR 2020,50-59,112.0,1.0
25 MAR 2020,60-69,76.0,3.0
25 MAR 2020,70-79,63.0,2.0
25 MAR 2020,80+,92.0,4.0
26 MAR 2020,0-9,9.0,0.0
26 MAR 2020,10-19,23.0,0.0
26 MAR 2020,20-29,52.0,0.0
26 MAR 2020,30-39,88.0,0.0
26 MAR 2020,40-49,120.0,0.0
26 MAR 2020,50-59,102.0,0.0
26 MAR 2020,60-69,60.0,1.0
26 MAR 2020,70-79,41.0,8.0
26 MAR 2020,80+,54.0,8.0
27 MAR 2020,0-9,6.0,0.0
27 MAR 2020,10-19,4.0,0.0
27 MAR 2020,20-29,33.0,0.0
27 MAR 2020,30-39,93.0,0.0
27 MAR 2020,40-49,150.0,1.0
27 MAR 2020,50-59,138.0,0.0
27 MAR 2020,60-69,129.0,2.0
27 MAR 2020,70-79,98.0,3.0
27 MAR 2020,80+,69.0,10.0
28 MAR 2020,0-9,7.0,0.0
28 MAR 2020,10-19,19.0,0.0
28 MAR 2020,20-29,85.0,0.0
28 MAR 2020,30-39,130.0,0.0
28 MAR 2020,40-49,181.0,1.0
28 MAR 2020,50-59,156.0,1.0
28 MAR 2020,60-69,123.0,4.0
28 MAR 2020,70-79,95.0,3.0
28 MAR 2020,80+,110.0,15.0
29 MAR 2020,0-9,8.0,0.0
29 MAR 2020,10-19,15.0,0.0
29 MAR 2020,20-29,70.0,0.0
29 MAR 2020,30-39,101.0,0.0
29 MAR 2020,40-49,144.0,0.0
29 MAR 2020,50-59,153.0,0.0
29 MAR 2020,60-69,114.0,1.0
29 MAR 2020,70-79,101.0,6.0
29 MAR 2020,80+,86.0,12.0
30 MAR 2020,0-9,7.0,0.0
30 MAR 2020,10-19,11.0,0.0
30 MAR 2020,20-29,49.0,0.0
30 MAR 2020,30-39,63.0,0.0
30 MAR 2020,40-49,64.0,0.0
30 MAR 2020,50-59,66.0,1.0
30 MAR 2020,60-69,51.0,1.0
30 MAR 2020,70-79,57.0,4.0
30 MAR 2020,80+,78.0,15.0
31 MAR 2020,0-9,23.0,0.0
31 MAR 2020,10-19,35.0,0.0
31 MAR 2020,20-29,118.0,0.0
31 MAR 2020,30-39,150.0,0.0
31 MAR 2020,40-49,173.0,0.0
31 MAR 2020,50-59,196.0,0.0
31 MAR 2020,60-69,127.0,1.0
31 MAR 2020,70-79,90.0,7.0
31 MAR 2020,80+,123.0,12.0
01 ABR 2020,0-9,10.0,0.0
01 ABR 2020,10-19,21.0,0.0
01 ABR 2020,20-29,70.0,0.0
01 ABR 2020,30-39,105.0,0.0
01 ABR 2020,40-49,137.0,0.0
01 ABR 2020,50-59,130.0,1.0
01 ABR 2020,60-69,105.0,0.0
01 ABR 2020,70-79,75.0,3.0
01 ABR 2020,80+,155.0,23.0
02 ABR 2020,0-9,11.0,0.0
02 ABR 2020,10-19,14.0,0.0
02 ABR 2020,20-29,71.0,0.0
02 ABR 2020,30-39,108.0,0.0
02 ABR 2020,40-49,131.0,0.0
02 ABR 2020,50-59,154.0,1.0
02 ABR 2020,60-69,94.0,1.0
02 ABR 2020,70-79,59.0,4.0
02 ABR 2020,80+,141.0,16.0
03 ABR 2020,0-9,18.0,0.0
03 ABR 2020,10-19,17.0,0.0
03 ABR 2020,20-29,109.0,0.0
03 ABR 2020,30-39,145.0,0.0
03 ABR 2020,40-49,176.0,0.0
03 ABR 2020,50-59,156.0,1.0
03 ABR 2020,60-69,98.0,3.0
03 ABR 2020,70-79,53.0,13.0
03 ABR 2020,80+,80.0,20.0
04 ABR 2020,0-9,17.0,0.0
04 ABR 2020,10-19,16.0,0.0
04 ABR 2020,20-29,77.0,0.0
04 ABR 2020,30-39,94.0,0.0
04 ABR 2020,40-49,101.0,2.0
04 ABR 2020,50-59,122.0,-1.0
04 ABR 2020,60-69,71.0,3.0
04 ABR 2020,70-79,54.0,2.0
04 ABR 2020,80+,86.0,14.0
05 ABR 2020,0-9,12.0,0.0
05 ABR 2020,10-19,24.0,0.0
05 ABR 2020,20-29,97.0,0.0
05 ABR 2020,30-39,104.0,0.0
05 ABR 2020,40-49,130.0,0.0
05 ABR 2020,50-59,125.0,0.0
05 ABR 2020,60-69,95.0,3.0
05 ABR 2020,70-79,60.0,6.0
05 ABR 2020,80+,107.0,20.0
06 ABR 2020,0-9,12.0,0.0
06 ABR 2020,10-19,9.0,0.0
06 ABR 2020,20-29,36.0,0.0
06 ABR 2020,30-39,60.0,0.0
06 ABR 2020,40-49,71.0,0.0
06 ABR 2020,50-59,67.0,0.0
06 ABR 2020,60-69,44.0,2.0
06 ABR 2020,70-79,43.0,5.0
06 ABR 2020,80+,110.0,9.0
07 ABR 2020,0-9,5.0,0.0
07 ABR 2020,10-19,21.0,0.0
07 ABR 2020,20-29,79.0,0.0
07 ABR 2020,30-39,87.0,0.0
07 ABR 2020,40-49,110.0,0.0
07 ABR 2020,50-59,116.0,1.0
07 ABR 2020,60-69,79.0,6.0
07 ABR 2020,70-79,57.0,7.0
07 ABR 2020,80+,158.0,20.0
08 ABR 2020,0-9,13.0,0.0
08 ABR 2020,10-19,17.0,0.0
08 ABR 2020,20-29,69.0,0.0
08 ABR 2020,30-39,106.0,0.0
08 ABR 2020,40-49,141.0,0.0
08 ABR 2020,50-59,136.0,1.0
08 ABR 2020,60-69,96.0,3.0
08 ABR 2020,70-79,67.0,9.0
08 ABR 2020,80+,54.0,22.0
09 ABR 2020,0-9,14.0,0.0
09 ABR 2020,10-19,28.0,0.0
09 ABR 2020,20-29,81.0,0.0
09 ABR 2020,30-39,89.0,0.0
09 ABR 2020,40-49,103.0,0.0
09 ABR 2020,50-59,105.0,0.0
09 ABR 2020,60-69,70.0,4.0
09 ABR 2020,70-79,58.0,1.0
09 ABR 2020,80+,267.0,24.0
10 ABR 2020,0-9,39.0,0.0
10 ABR 2020,10-19,49.0,0.0
10 ABR 2020,20-29,164.0,0.0
10 ABR 2020,30-39,202.0,0.0
10 ABR 2020,40-49,252.0,0.0
10 ABR 2020,50-59,255.0,2.0
10 ABR 2020,60-69,179.0,1.0
10 ABR 2020,70-79,122.0,4.0
10 ABR 2020,80+,254.0,19.0
11 ABR 2020,0-9,20.0,0.0
11 ABR 2020,10-19,15.0,0.0
11 ABR 2020,20-29,31.0,0.0
11 ABR 2020,30-39,41.0,0.0
11 ABR 2020,40-49,82.0,0.0
11 ABR 2020,50-59,80.0,4.0
11 ABR 2020,60-69,51.0,5.0
11 ABR 2020,70-79,54.0,8.0
11 ABR 2020,80+,141.0,18.0
12 ABR 2020,0-9,18.0,0.0
12 ABR 2020,10-19,15.0,0.0
12 ABR 2020,20-29,72.0,0.0
12 ABR 2020,30-39,68.0,0.0
12 ABR 2020,40-49,78.0,1.0
12 ABR 2020,50-59,99.0,0.0
12 ABR 2020,60-69,63.0,0.0
12 ABR 2020,70-79,57.0,8.0
12 ABR 2020,80+,128.0,25.0
13 ABR 2020,0-9,1.0,0.0
13 ABR 2020,10-19,5.0,0.0
13 ABR 2020,20-29,52.0,0.0
13 ABR 2020,30-39,48.0,0.0
13 ABR 2020,40-49,37.0,1.0
13 ABR 2020,50-59,51.0,1.0
13 ABR 2020,60-69,33.0,5.0
13 ABR 2020,70-79,48.0,3.0
13 ABR 2020,80+,74.0,21.0
14 ABR 2020,0-9,6.0,0.0
14 ABR 2020,10-19,16.0,0.0
14 ABR 2020,20-29,57.0,0.0
14 ABR 2020,30-39,50.0,0.0
14 ABR 2020,40-49,73.0,1.0
14 ABR 2020,50-59,86.0,1.0
14 ABR 2020,60-69,62.0,3.0
14 ABR 2020,70-79,61.0,5.0
14 ABR 2020,80+,103.0,22.0
15 ABR 2020,0-9,14.0,0.0
15 ABR 2020,10-19,19.0,0.0
15 ABR 2020,20-29,78.0,0.0
15 ABR 2020,30-39,84.0,0.0
15 ABR 2020,40-49,119.0,0.0
15 ABR 2020,50-59,105.0,0.0
15 ABR 2020,60-69,74.0,2.0
15 ABR 2020,70-79,47.0,9.0
15 ABR 2020,80+,103.0,21.0
16 ABR 2020,0-9,17.0,0.0
16 ABR 2020,10-19,15.0,0.0
16 ABR 2020,20-29,96.0,0.0
16 ABR 2020,30-39,118.0,0.0
16 ABR 2020,40-49,143.0,1.0
16 ABR 2020,50-59,146.0,0.0
16 ABR 2020,60-69,77.0,1.0
16 ABR 2020,70-79,42.0,6.0
16 ABR 2020,80+,96.0,22.0
17 ABR 2020,0-9,1.0,0.0
17 ABR 2020,10-19,2.0,0.0
17 ABR 2020,20-29,19.0,0.0
17 ABR 2020,30-39,25.0,0.0
17 ABR 2020,40-49,29.0,0.0
17 ABR 2020,50-59,27.0,0.0
17 ABR 2020,60-69,22.0,2.0
17 ABR 2020,70-79,16.0,6.0
17 ABR 2020,80+,40.0,20.0
18 ABR 2020,0-9,6.0,0.0
18 ABR 2020,10-19,21.0,0.0
18 ABR 2020,20-29,84.0,0.0
18 ABR 2020,30-39,102.0,0.0
18 ABR 2020,40-49,92.0,0.0
18 ABR 2020,50-59,116.0,1.0
18 ABR 2020,60-69,66.0,3.0
18 ABR 2020,70-79,54.0,8.0
18 ABR 2020,80+,122.0,18.0
19 ABR 2020,0-9,17.0,0.0
19 ABR 2020,10-19,28.0,0.0
19 ABR 2020,20-29,52.0,0.0
19 ABR 2020,30-39,80.0,0.0
19 ABR 2020,40-49,85.0,0.0
19 ABR 2020,50-59,88.0,1.0
19 ABR 2020,60-69,37.0,1.0
19 ABR 2020,70-79,41.0,6.0
19 ABR 2020,80+,93.0,19.0
20 ABR 2020,0-9,14.0,0.0
20 ABR 2020,10-19,45.0,0.0
20 ABR 2020,20-29,151.0,0.0
20 ABR 2020,30-39,100.0,0.0
20 ABR 2020,40-49,125.0,0.0
20 ABR 2020,50-59,72.0,0.0
20 ABR 2020,60-69,59.0,0.0
20 ABR 2020,70-79,51.0,4.0
20 ABR 2020,80+,40.0,17.0
21 ABR 2020,0-9,0.0,0.0
21 ABR 2020,10-19,6.0,0.0
21 ABR 2020,20-29,78.0,0.0
21 ABR 2020,30-39,53.0,0.0
21 ABR 2020,40-49,22.0,1.0
21 ABR 2020,50-59,88.0,0.0
21 ABR 2020,60-69,54.0,2.0
21 ABR 2020,70-79,28.0,4.0
21 ABR 2020,80+,187.0,20.0
22 ABR 2020,0-9,1.0,0.0
22 ABR 2020,10-19,61.0,0.0
22 ABR 2020,20-29,81.0,0.0
22 ABR 2020,30-39,89.0,0.0
22 ABR 2020,40-49,121.0,0.0
22 ABR 2020,50-59,99.0,0.0
22 ABR 2020,60-69,64.0,0.0
22 ABR 2020,70-79,56.0,2.0
22 ABR 2020,80+,31.0,21.0
23 ABR 2020,0-9,0.0,0.0
23 ABR 2020,10-19,11.0,0.0
23 ABR 2020,20-29,72.0,0.0
23 ABR 2020,30-39,57.0,0.0
23 ABR 2020,40-49,44.0,0.0
23 ABR 2020,50-59,49.0,1.0
23 ABR 2020,60-69,36.0,4.0
23 ABR 2020,70-79,38.0,7.0
23 ABR 2020,80+,64.0,23.0
24 ABR 2020,0-9,0.0,0.0
24 ABR 2020,10-19,12.0,0.0
24 ABR 2020,20-29,77.0,0.0
24 ABR 2020,30-39,59.0,0.0
24 ABR 2020,40-49,45.0,0.0
24 ABR 2020,50-59,62.0,1.0
24 ABR 2020,60-69,66.0,4.0
24 ABR 2020,70-79,48.0,6.0
24 ABR 2020,80+,75.0,23.0
25 ABR 2020,0-9,8.0,0.0
25 ABR 2020,10-19,12.0,0.0
25 ABR 2020,20-29,36.0,0.0
25 ABR 2020,30-39,78.0,0.0
25 ABR 2020,40-49,97.0,1.0
25 ABR 2020,50-59,78.0,2.0
25 ABR 2020,60-69,46.0,2.0
25 ABR 2020,70-79,26.0,4.0
25 ABR 2020,80+,93.0,17.0
26 ABR 2020,0-9,10.0,0.0
26 ABR 2020,10-19,17.0,0.0
26 ABR 2020,20-29,49.0,0.0
26 ABR 2020,30-39,47.0,0.0
26 ABR 2020,40-49,60.0,0.0
26 ABR 2020,50-59,47.0,0.0
26 ABR 2020,60-69,29.0,1.0
26 ABR 2020,70-79,41.0,4.0
26 ABR 2020,80+,112.0,18.0
27 ABR 2020,0-9,2.0,0.0
27 ABR 2020,10-19,8.0,0.0
27 ABR 2020,20-29,13.0,0.0
27 ABR 2020,30-39,15.0,0.0
27 ABR 2020,40-49,25.0,0.0
27 ABR 2020,50-59,26.0,2.0
27 ABR 2020,60-69,21.0,2.0
27 ABR 2020,70-79,13.0,2.0
27 ABR 2020,80+,40.0,19.0
28 ABR 2020,0-9,14.0,0.0
28 ABR 2020,10-19,5.0,0.0
28 ABR 2020,20-29,37.0,0.0
28 ABR 2020,30-39,28.0,0.0
28 ABR 2020,40-49,55.0,0.0
28 ABR 2020,50-59,31.0,1.0
28 ABR 2020,60-69,37.0,3.0
28 ABR 2020,70-79,34.0,3.0
28 ABR 2020,80+,54.0,13.0
29 ABR 2020,0-9,2.0,0.0
29 ABR 2020,10-19,6.0,0.0
29 ABR 2020,20-29,14.0,0.0
29 ABR 2020,30-39,30.0,0.0
29 ABR 2020,40-49,28.0,0.0
29 ABR 2020,50-59,36.0,1.0
29 ABR 2020,60-69,18.0,3.0
29 ABR 2020,70-79,15.0,4.0
29 ABR 2020,80+,34.0,17.0
30 ABR 2020,0-9,1.0,0.0
30 ABR 2020,10-19,19.0,0.0
30 ABR 2020,20-29,76.0,0.0
30 ABR 2020,30-39,61.0,0.0
30 ABR 2020,40-49,48.0,0.0
30 ABR 2020,50-59,80.0,1.0
30 ABR 2020,60-69,1.0,1.0
30 ABR 2020,70-79,14.0,4.0
30 ABR 2020,80+,68.0,10.0
01 MAI 2020,0-9,4.0,0.0
01 MAI 2020,10-19,13.0,0.0
01 MAI 2020,20-29,44.0,0.0
01 MAI 2020,30-39,53.0,0.0
01 MAI 2020,40-49,53.0,0.0
01 MAI 2020,50-59,53.0,2.0
01 MAI 2020,60-69,19.0,1.0
01 MAI 2020,70-79,10.0,2.0
01 MAI 2020,80+,46.0,13.0
02 MAI 2020,0-9,10.0,0.0
02 MAI 2020,10-19,4.0,0.0
02 MAI 2020,20-29,43.0,0.0
02 MAI 2020,30-39,36.0,0.0
02 MAI 2020,40-49,26.0,0.0
02 MAI 2020,50-59,38.0,1.0
02 MAI 2020,60-69,15.0,1.0
02 MAI 2020,70-79,7.0,4.0
02 MAI 2020,80+,24.0,10.0
03 MAI 2020,0-9,0.0,0.0
03 MAI 2020,10-19,0.0,0.0
03 MAI 2020,20-29,2.0,0.0
03 MAI 2020,30-39,1.0,0.0
03 MAI 2020,40-49,1.0,0.0
03 MAI 2020,50-59,3.0,0.0
03 MAI 2020,60-69,0.0,2.0
03 MAI 2020,70-79,0.0,6.0
03 MAI 2020,80+,4.0,12.0
04 MAI 2020,0-9,14.0,0.0
04 MAI 2020,10-19,15.0,0.0
04 MAI 2020,20-29,51.0,0.0
04 MAI 2020,30-39,62.0,0.0
04 MAI 2020,40-49,38.0,0.0
04 MAI 2020,50-59,60.0,0.0
04 MAI 2020,60-69,21.0,1.0
04 MAI 2020,70-79,26.0,8.0
04 MAI 2020,80+,36.0,11.0
05 MAI 2020,0-9,11.0,0.0
05 MAI 2020,10-19,4.0,0.0
05 MAI 2020,20-29,21.0,1.0
05 MAI 2020,30-39,15.0,0.0
05 MAI 2020,40-49,15.0,0.0
05 MAI 2020,50-59,11.0,1.0
05 MAI 2020,60-69,25.0,1.0
05 MAI 2020,70-79,31.0,1.0
05 MAI 2020,80+,45.0,7.0
06 MAI 2020,0-9,3.0,0.0
06 MAI 2020,10-19,8.0,0.0
06 MAI 2020,20-29,100.0,0.0
06 MAI 2020,30-39,96.0,0.0
06 MAI 2020,40-49,112.0,0.0
06 MAI 2020,50-59,88.0,0.0
06 MAI 2020,60-69,33.0,2.0
06 MAI 2020,70-79,11.0,2.0
06 MAI 2020,80+,29.0,11.0
07 MAI 2020,0-9,15.0,0.0
07 MAI 2020,10-19,22.0,0.0
07 MAI 2020,20-29,99.0,0.0
07 MAI 2020,30-39,106.0,0.0
07 MAI 2020,40-49,105.0,0.0
07 MAI 2020,50-59,84.0,0.0
07 MAI 2020,60-69,46.0,0.0
07 MAI 2020,70-79,14.0,5.0
07 MAI 2020,80+,42.0,11.0
08 MAI 2020,0-9,10.0,0.0
08 MAI 2020,10-19,15.0,0.0
08 MAI 2020,20-29,77.0,0.0
08 MAI 2020,30-39,115.0,0.0
08 MAI 2020,40-49,105.0,0.0
08 MAI 2020,50-59,90.0,0.0
08 MAI 2020,60-69,63.0,0.0
08 MAI 2020,70-79,29.0,3.0
08 MAI 2020,80+,49.0,6.0
09 MAI 2020,0-9,1.0,0.0
09 MAI 2020,10-19,12.0,0.0
09 MAI 2020,20-29,12.0,0.0
09 MAI 2020,30-39,20.0,0.0
09 MAI 2020,40-49,16.0,1.0
09 MAI 2020,50-59,16.0,3.0
09 MAI 2020,60-69,20.0,2.0
09 MAI 2020,70-79,21.0,0.0
09 MAI 2020,80+,20.0,6.0
10 MAI 2020,0-9,3.0,0.0
10 MAI 2020,10-19,11.0,0.0
10 MAI 2020,20-29,33.0,0.0
10 MAI 2020,30-39,31.0,0.0
10 MAI 2020,40-49,26.0,0.0
10 MAI 2020,50-59,36.0,0.0
10 MAI 2020,60-69,17.0,0.0
10 MAI 2020,70-79,14.0,1.0
10 MAI 2020,80+,4.0,8.0
11 MAI 2020,0-9,5.0,0.0
11 MAI 2020,10-19,7.0,0.0
11 MAI 2020,20-29,19.0,0.0
11 MAI 2020,30-39,6.0,0.0
11 MAI 2020,40-49,9.0,0.0
11 MAI 2020,50-59,16.0,0.0
11 MAI 2020,60-69,8.0,2.0
11 MAI 2020,70-79,5.0,1.0
11 MAI 2020,80+,23.0,6.0
12 MAI 2020,0-9,5.0,0.0
12 MAI 2020,10-19,15.0,0.0
12 MAI 2020,20-29,38.0,0.0
12 MAI 2020,30-39,38.0,0.0
12 MAI 2020,40-49,44.0,1.0
12 MAI 2020,50-59,37.0,2.0
12 MAI 2020,60-69,17.0,2.0
12 MAI 2020,70-79,7.0,3.0
12 MAI 2020,80+,33.0,11.0
13 MAI 2020,0-9,6.0,0.0
13 MAI 2020,10-19,8.0,0.0
13 MAI 2020,20-29,39.0,0.0
13 MAI 2020,30-39,45.0,0.0
13 MAI 2020,40-49,35.0,0.0
13 MAI 2020,50-59,36.0,0.0
13 MAI 2020,60-69,8.0,3.0
13 MAI 2020,70-79,17.0,1.0
13 MAI 2020,80+,25.0,8.0
14 MAI 2020,0-9,7.0,0.0
14 MAI 2020,10-19,8.0,0.0
14 MAI 2020,20-29,39.0,0.0
14 MAI 2020,30-39,29.0,0.0
14 MAI 2020,40-49,30.0,1.0
14 MAI 2020,50-59,46.0,1.0
14 MAI 2020,60-69,8.0,0.0
14 MAI 2020,70-79,6.0,3.0
14 MAI 2020,80+,14.0,4.0
15 MAI 2020,0-9,8.0,0.0
15 MAI 2020,10-19,13.0,0.0
15 MAI 2020,20-29,59.0,0.0
15 MAI 2020,30-39,56.0,0.0
15 MAI 2020,40-49,38.0,0.0
15 MAI 2020,50-59,32.0,1.0
15 MAI 2020,60-69,20.0,1.0
15 MAI 2020,70-79,14.0,0.0
15 MAI 2020,80+,24.0,4.0
16 MAI 2020,0-9,13.0,0.0
16 MAI 2020,10-19,12.0,0.0
16 MAI 2020,20-29,42.0,0.0
16 MAI 2020,30-39,32.0,0.0
16 MAI 2020,40-49,32.0,0.0
16 MAI 2020,50-59,39.0,0.0
16 MAI 2020,60-69,25.0,2.0
16 MAI 2020,70-79,6.0,0.0
16 MAI 2020,80+,26.0,11.0
17 MAI 2020,0-9,6.0,0.0
17 MAI 2020,10-19,11.0,0.0
17 MAI 2020,20-29,40.0,0.0
17 MAI 2020,30-39,35.0,0.0
17 MAI 2020,40-49,48.0,0.0
17 MAI 2020,50-59,50.0,0.0
17 MAI 2020,60-69,14.0,3.0
17 MAI 2020,70-79,9.0,4.0
17 MAI 2020,80+,13.0,8.0
18 MAI 2020,0-9,10.0,0.0
18 MAI 2020,10-19,6.0,0.0
18 MAI 2020,20-29,36.0,0.0
18 MAI 2020,30-39,39.0,0.0
18 MAI 2020,40-49,31.0,0.0
18 MAI 2020,50-59,29.0,0.0
18 MAI 2020,60-69,16.0,1.0
18 MAI 2020,70-79,2.0,3.0
18 MAI 2020,80+,4.0,9.0
19 MAI 2020,0-9,3.0,0.0
19 MAI 2020,10-19,7.0,0.0
19 MAI 2020,20-29,39.0,0.0
19 MAI 2020,30-39,50.0,0.0
19 MAI 2020,40-49,53.0,0.0
19 MAI 2020,50-59,21.0,0.0
19 MAI 2020,60-69,21.0,1.0
19 MAI 2020,70-79,11.0,1.0
19 MAI 2020,80+,18.0,14.0
20 MAI 2020,0-9,6.0,0.0
20 MAI 2020,10-19,14.0,0.0
20 MAI 2020,20-29,41.0,0.0
20 MAI 2020,30-39,51.0,0.0
20 MAI 2020,40-49,45.0,0.0
20 MAI 2020,50-59,36.0,0.0
20 MAI 2020,60-69,24.0,1.0
20 MAI 2020,70-79,6.0,3.0
20 MAI 2020,80+,5.0,12.0
21 MAI 2020,0-9,10.0,0.0
21 MAI 2020,10-19,12.0,0.0
21 MAI 2020,20-29,45.0,0.0
21 MAI 2020,30-39,52.0,0.0
21 MAI 2020,40-49,54.0,0.0
21 MAI 2020,50-59,31.0,0.0
21 MAI 2020,60-69,28.0,0.0
21 MAI 2020,70-79,15.0,0.0
21 MAI 2020,80+,5.0,14.0
22 MAI 2020,0-9,8.0,0.0
22 MAI 2020,10-19,20.0,0.0
22 MAI 2020,20-29,54.0,0.0
22 MAI 2020,30-39,61.0,0.0
22 MAI 2020,40-49,47.0,2.0
22 MAI 2020,50-59,34.0,0.0
22 MAI 2020,60-69,24.0,3.0
22 MAI 2020,70-79,23.0,5.0
22 MAI 2020,80+,17.0,2.0
23 MAI 2020,0-9,12.0,0.0
23 MAI 2020,10-19,10.0,0.0
23 MAI 2020,20-29,70.0,0.0
23 MAI 2020,30-39,38.0,0.0
23 MAI 2020,40-49,41.0,0.0
23 MAI 2020,50-59,36.0,-1.0
23 MAI 2020,60-69,29.0,-1.0
23 MAI 2020,70-79,14.0,1.0
23 MAI 2020,80+,21.0,14.0
24 MAI 2020,0-9,12.0,0.0
24 MAI 2020,10-19,8.0,0.0
24 MAI 2020,20-29,31.0,0.0
24 MAI 2020,30-39,30.0,0.0
24 MAI 2020,40-49,14.0,0.0
24 MAI 2020,50-59,23.0,0.0
24 MAI 2020,60-69,21.0,0.0
24 MAI 2020,70-79,10.0,1.0
24 MAI 2020,80+,3.0,13.0
25 MAI 2020,0-9,6.0,0.0
25 MAI 2020,10-19,10.0,0.0
25 MAI 2020,20-29,50.0,0.0
25 MAI 2020,30-39,27.0,0.0
25 MAI 2020,40-49,24.0,0.0
25 MAI 2020,50-59,22.0,2.0
25 MAI 2020,60-69,12.0,3.0
25 MAI 2020,70-79,3.0,5.0
25 MAI 2020,80+,11.0,4.0
26 MAI 2020,0-9,13.0,0.0
26 MAI 2020,10-19,15.0,0.0
26 MAI 2020,20-29,44.0,0.0
26 MAI 2020,30-39,33.0,0.0
26 MAI 2020,40-49,27.0,0.0
26 MAI 2020,50-59,17.0,0.0
26 MAI 2020,60-69,31.0,2.0
26 MAI 2020,70-79,13.0,3.0
26 MAI 2020,80+,26.0,7.0
27 MAI 2020,0-9,9.0,0.0
27 MAI 2020,10-19,19.0,0.0
27 MAI 2020,20-29,48.0,0.0
27 MAI 2020,30-39,74.0,0.0
27 MAI 2020,40-49,53.0,0.0
27 MAI 2020,50-59,50.0,1.0
27 MAI 2020,60-69,23.0,1.0
27 MAI 2020,70-79,6.0,4.0
27 MAI 2020,80+,3.0,8.0
28 MAI 2020,0-9,19.0,0.0
28 MAI 2020,10-19,15.0,0.0
28 MAI 2020,20-29,65.0,0.0
28 MAI 2020,30-39,57.0,1.0
28 MAI 2020,40-49,50.0,0.0
28 MAI 2020,50-59,41.0,0.0
28 MAI 2020,60-69,21.0,1.0
28 MAI 2020,70-79,17.0,4.0
28 MAI 2020,80+,19.0,7.0
29 MAI 2020,0-9,20.0,0.0
29 MAI 2020,10-19,13.0,0.0
29 MAI 2020,20-29,64.0,0.0
29 MAI 2020,30-39,62.0,0.0
29 MAI 2020,40-49,53.0,0.0
29 MAI 2020,50-59,34.0,1.0
29 MAI 2020,60-69,23.0,2.0
29 MAI 2020,70-79,37.0,1.0
29 MAI 2020,80+,44.0,10.0
30 MAI 2020,0-9,8.0,0.0
30 MAI 2020,10-19,16.0,0.0
30 MAI 2020,20-29,56.0,0.0
30 MAI 2020,30-39,59.0,0.0
30 MAI 2020,40-49,42.0,0.0
30 MAI 2020,50-59,36.0,2.0
30 MAI 2020,60-69,17.0,1.0
30 MAI 2020,70-79,17.0,3.0
30 MAI 2020,80+,6.0,7.0
31 MAI 2020,0-9,19.0,0.0
31 MAI 2020,10-19,17.0,0.0
31 MAI 2020,20-29,62.0,1.0
31 MAI 2020,30-39,61.0,0.0
31 MAI 2020,40-49,49.0,0.0
31 MAI 2020,50-59,42.0,0.0
31 MAI 2020,60-69,22.0,0.0
31 MAI 2020,70-79,9.0,1.0
31 MAI 2020,80+,16.0,12.0
01 JUN 2020,0-9,18.0,0.0
01 JUN 2020,10-19,10.0,0.0
01 JUN 2020,20-29,48.0,0.0
01 JUN 2020,30-39,35.0,0.0
01 JUN 2020,40-49,20.0,1.0
01 JUN 2020,50-59,22.0,0.0
01 JUN 2020,60-69,23.0,1.0
01 JUN 2020,70-79,10.0,2.0
01 JUN 2020,80+,14.0,10.0
02 JUN 2020,0-9,14.0,0.0
02 JUN 2020,10-19,10.0,0.0
02 JUN 2020,20-29,33.0,0.0
02 JUN 2020,30-39,41.0,0.0
02 JUN 2020,40-49,33.0,1.0
02 JUN 2020,50-59,22.0,1.0
02 JUN 2020,60-69,10.0,1.0
02 JUN 2020,70-79,13.0,1.0
02 JUN 2020,80+,13.0,8.0
03 JUN 2020,0-9,19.0,0.0
03 JUN 2020,10-19,22.0,0.0
03 JUN 2020,20-29,74.0,0.0
03 JUN 2020,30-39,57.0,0.0
03 JUN 2020,40-49,64.0,0.0
03 JUN 2020,50-59,46.0,0.0
03 JUN 2020,60-69,21.0,1.0
03 JUN 2020,70-79,26.0,1.0
03 JUN 2020,80+,43.0,9.0
04 JUN 2020,0-9,14.0,0.0
04 JUN 2020,10-19,11.0,0.0
04 JUN 2020,20-29,79.0,0.0
04 JUN 2020,30-39,79.0,0.0
04 JUN 2020,40-49,62.0,0.0
04 JUN 2020,50-59,54.0,0.0
04 JUN 2020,60-69,23.0,1.0
04 JUN 2020,70-79,5.0,1.0
04 JUN 2020,80+,4.0,6.0
05 JUN 2020,0-9,17.0,0.0
05 JUN 2020,10-19,19.0,0.0
05 JUN 2020,20-29,80.0,0.0
05 JUN 2020,30-39,96.0,0.0
05 JUN 2020,40-49,55.0,0.0
05 JUN 2020,50-59,55.0,0.0
05 JUN 2020,60-69,35.0,1.0
05 JUN 2020,70-79,13.0,1.0
05 JUN 2020,80+,7.0,8.0
06 JUN 2020,0-9,17.0,0.0
06 JUN 2020,10-19,21.0,0.0
06 JUN 2020,20-29,82.0,0.0
06 JUN 2020,30-39,83.0,0.0
06 JUN 2020,40-49,83.0,0.0
06 JUN 2020,50-59,46.0,0.0
06 JUN 2020,60-69,15.0,0.0
06 JUN 2020,70-79,22.0,2.0
06 JUN 2020,80+,13.0,7.0
07 JUN 2020,0-9,19.0,0.0
07 JUN 2020,10-19,16.0,0.0
07 JUN 2020,20-29,57.0,0.0
07 JUN 2020,30-39,52.0,0.0
07 JUN 2020,40-49,61.0,0.0
07 JUN 2020,50-59,46.0,1.0
07 JUN 2020,60-69,34.0,0.0
07 JUN 2020,70-79,12.0,0.0
07 JUN 2020,80+,12.0,4.0
08 JUN 2020,0-9,17.0,0.0
08 JUN 2020,10-19,18.0,0.0
08 JUN 2020,20-29,41.0,0.0
08 JUN 2020,30-39,19.0,0.0
08 JUN 2020,40-49,23.0,0.0
08 JUN 2020,50-59,31.0,0.0
08 JUN 2020,60-69,22.0,1.0
08 JUN 2020,70-79,7.0,1.0
08 JUN 2020,80+,14.0,4.0
09 JUN 2020,0-9,19.0,0.0
09 JUN 2020,10-19,9.0,0.0
09 JUN 2020,20-29,84.0,0.0
09 JUN 2020,30-39,79.0,0.0
09 JUN 2020,40-49,69.0,0.0
09 JUN 2020,50-59,66.0,1.0
09 JUN 2020,60-69,42.0,0.0
09 JUN 2020,70-79,16.0,1.0
09 JUN 2020,80+,34.0,5.0
10 JUN 2020,0-9,23.0,0.0
10 JUN 2020,10-19,28.0,0.0
10 JUN 2020,20-29,53.0,0.0
10 JUN 2020,30-39,54.0,0.0
10 JUN 2020,40-49,53.0,0.0
10 JUN 2020,50-59,42.0,0.0
10 JUN 2020,60-69,31.0,0.0
10 JUN 2020,70-79,10.0,1.0
10 JUN 2020,80+,11.0,4.0
11 JUN 2020,0-9,23.0,0.0
11 JUN 2020,10-19,25.0,0.0
11 JUN 2020,20-29,41.0,0.0
11 JUN 2020,30-39,100.0,0.0
11 JUN 2020,40-49,36.0,0.0
11 JUN 2020,50-59,43.0,0.0
11 JUN 2020,60-69,29.0,2.0
11 JUN 2020,70-79,5.0,2.0
11 JUN 2020,80+,7.0,3.0
12 JUN 2020,0-9,24.0,0.0
12 JUN 2020,10-19,27.0,0.0
12 JUN 2020,20-29,62.0,0.0
12 JUN 2020,30-39,44.0,0.0
12 JUN 2020,40-49,40.0,0.0
12 JUN 2020,50-59,35.0,0.0
12 JUN 2020,60-69,22.0,0.0
12 JUN 2020,70-79,12.0,1.0
12 JUN 2020,80+,5.0,0.0
13 JUN 2020,0-9,4.0,0.0
13 JUN 2020,10-19,10.0,0.0
13 JUN 2020,20-29,58.0,0.0
13 JUN 2020,30-39,42.0,0.0
13 JUN 2020,40-49,62.0,0.0
13 JUN 2020,50-59,39.0,1.0
13 JUN 2020,60-69,27.0,2.0
13 JUN 2020,70-79,15.0,2.0
13 JUN 2020,80+,26.0,2.0
14 JUN 2020,0-9,16.0,0.0
14 JUN 2020,10-19,14.0,0.0
14 JUN 2020,20-29,46.0,0.0
14 JUN 2020,30-39,48.0,0.0
14 JUN 2020,40-49,38.0,0.0
14 JUN 2020,50-59,35.0,0.0
14 JUN 2020,60-69,11.0,1.0
14 JUN 2020,70-79,13.0,1.0
14 JUN 2020,80+,1.0,3.0
15 JUN 2020,0-9,11.0,0.0
15 JUN 2020,10-19,15.0,0.0
15 JUN 2020,20-29,80.0,0.0
15 JUN 2020,30-39,57.0,0.0
15 JUN 2020,40-49,56.0,0.0
15 JUN 2020,50-59,48.0,0.0
15 JUN 2020,60-69,24.0,0.0
15 JUN 2020,70-79,17.0,1.0
15 JUN 2020,80+,43.0,2.0
16 JUN 2020,0-9,10.0,0.0
16 JUN 2020,10-19,15.0,0.0
16 JUN 2020,20-29,46.0,0.0
16 JUN 2020,30-39,50.0,0.0
16 JUN 2020,40-49,70.0,0.0
16 JUN 2020,50-59,39.0,0.0
16 JUN 2020,60-69,31.0,1.0
16 JUN 2020,70-79,12.0,1.0
16 JUN 2020,80+,27.0,0.0
17 JUN 2020,0-9,10.0,0.0
17 JUN 2020,10-19,17.0,0.0
17 JUN 2020,20-29,62.0,0.0
17 JUN 2020,30-39,57.0,0.0
17 JUN 2020,40-49,66.0,0.0
17 JUN 2020,50-59,65.0,0.0
17 JUN 2020,60-69,29.0,0.0
17 JUN 2020,70-79,12.0,0.0
17 JUN 2020,80+,18.0,1.0
18 JUN 2020,0-9,21.0,0.0
18 JUN 2020,10-19,31.0,0.0
18 JUN 2020,20-29,103.0,0.0
18 JUN 2020,30-39,68.0,0.0
18 JUN 2020,40-49,56.0,0.0
18 JUN 2020,50-59,48.0,0.0
18 JUN 2020,60-69,31.0,0.0
18 JUN 2020,70-79,28.0,0.0
18 JUN 2020,80+,29.0,1.0
19 JUN 2020,0-9,24.0,0.0
19 JUN 2020,10-19,36.0,0.0
19 JUN 2020,20-29,85.0,0.0
19 JUN 2020,30-39,66.0,0.0
19 JUN 2020,40-49,42.0,0.0
19 JUN 2020,50-59,50.0,0.0
19 JUN 2020,60-69,43.0,1.0
19 JUN 2020,70-79,8.0,0.0
19 JUN 2020,80+,20.0,1.0
20 JUN 2020,0-9,27.0,0.0
20 JUN 2020,10-19,30.0,0.0
20 JUN 2020,20-29,69.0,0.0
20 JUN 2020,30-39,68.0,0.0
20 JUN 2020,40-49,61.0,0.0
20 JUN 2020,50-59,42.0,0.0
20 JUN 2020,60-69,18.0,0.0
20 JUN 2020,70-79,7.0,1.0
20 JUN 2020,80+,55.0,1.0
21 JUN 2020,0-9,24.0,0.0
21 JUN 2020,10-19,22.0,0.0
21 JUN 2020,20-29,49.0,0.0
21 JUN 2020,30-39,53.0,0.0
21 JUN 2020,40-49,55.0,0.0
21 JUN 2020,50-59,42.0,0.0
21 JUN 2020,60-69,18.0,0.0
21 JUN 2020,70-79,11.0,2.0
21 JUN 2020,80+,16.0,0.0
22 JUN 2020,0-9,8.0,0.0
22 JUN 2020,10-19,18.0,0.0
22 JUN 2020,20-29,29.0,0.0
22 JUN 2020,30-39,34.0,0.0
22 JUN 2020,40-49,33.0,0.0
22 JUN 2020,50-59,18.0,0.0
22 JUN 2020,60-69,34.0,0.0
22 JUN 2020,70-79,21.0,0.0
22 JUN 2020,80+,63.0,4.0
23 JUN 2020,0-9,17.0,0.0
23 JUN 2020,10-19,28.0,0.0
23 JUN 2020,20-29,67.0,0.0
23 JUN 2020,30-39,69.0,0.0
23 JUN 2020,40-49,62.0,0.0
23 JUN 2020,50-59,46.0,0.0
23 JUN 2020,60-69,26.0,2.0
23 JUN 2020,70-79,12.0,2.0
23 JUN 2020,80+,21.0,2.0
24 JUN 2020,0-9,21.0,0.0
24 JUN 2020,10-19,19.0,0.0
24 JUN 2020,20-29,66.0,0.0
24 JUN 2020,30-39,60.0,1.0
24 JUN 2020,40-49,61.0,1.0
24 JUN 2020,50-59,44.0,0.0
24 JUN 2020,60-69,34.0,1.0
24 JUN 2020,70-79,32.0,0.0
24 JUN 2020,80+,28.0,0.0
25 JUN 2020,0-9,26.0,0.0
25 JUN 2020,10-19,29.0,0.0
25 JUN 2020,20-29,55.0,0.0
25 JUN 2020,30-39,61.0,0.0
25 JUN 2020,40-49,49.0,0.0
25 JUN 2020,50-59,34.0,0.0
25 JUN 2020,60-69,16.0,1.0
25 JUN 2020,70-79,13.0,1.0
25 JUN 2020,80+,29.0,4.0
26 JUN 2020,0-9,30.0,0.0
26 JUN 2020,10-19,37.0,0.0
26 JUN 2020,20-29,66.0,0.0
26 JUN 2020,30-39,91.0,0.0
26 JUN 2020,40-49,52.0,0.0
26 JUN 2020,50-59,48.0,0.0
26 JUN 2020,60-69,40.0,1.0
26 JUN 2020,70-79,28.0,0.0
26 JUN 2020,80+,59.0,5.0
27 JUN 2020,0-9,28.0,0.0
27 JUN 2020,10-19,17.0,0.0
27 JUN 2020,20-29,60.0,0.0
27 JUN 2020,30-39,60.0,0.0
27 JUN 2020,40-49,48.0,0.0
27 JUN 2020,50-59,40.0,1.0
27 JUN 2020,60-69,34.0,0.0
27 JUN 2020,70-79,15.0,1.0
27 JUN 2020,80+,21.0,4.0
28 JUN 2020,0-9,28.0,0.0
28 JUN 2020,10-19,38.0,0.0
28 JUN 2020,20-29,81.0,0.0
28 JUN 2020,30-39,85.0,0.0
28 JUN 2020,40-49,63.0,0.0
28 JUN 2020,50-59,53.0,0.0
28 JUN 2020,60-69,30.0,0.0
28 JUN 2020,70-79,16.0,1.0
28 JUN 2020,80+,64.0,2.0
29 JUN 2020,0-9,15.0,0.0
29 JUN 2020,10-19,21.0,0.0
29 JUN 2020,20-29,50.0,0.0
29 JUN 2020,30-39,51.0,0.0
29 JUN 2020,40-49,50.0,0.0
29 JUN 2020,50-59,26.0,0.0
29 JUN 2020,60-69,15.0,0.0
29 JUN 2020,70-79,13.0,1.0
29 JUN 2020,80+,25.0,3.0
30 JUN 2020,0-9,16.0,0.0
30 JUN 2020,10-19,15.0,0.0
30 JUN 2020,20-29,52.0,0.0
30 JUN 2020,30-39,49.0,0.0
30 JUN 2020,40-49,33.0,0.0
30 JUN 2020,50-59,32.0,0.0
30 JUN 2020,60-69,28.0,1.0
30 JUN 2020,70-79,17.0,2.0
30 JUN 2020,80+,16.0,5.0
01 JUL 2020,0-9,14.0,0.0
01 JUL 2020,10-19,19.0,0.0
01 JUL 2020,20-29,76.0,0.0
01 JUL 2020,30-39,78.0,0.0
01 JUL 2020,40-49,47.0,0.0
01 JUL 2020,50-59,39.0,0.0
01 JUL 2020,60-69,39.0,0.0
01 JUL 2020,70-79,17.0,0.0
01 JUL 2020,80+,18.0,3.0
02 JUL 2020,0-9,24.0,0.0
02 JUL 2020,10-19,29.0,0.0
02 JUL 2020,20-29,68.0,0.0
02 JUL 2020,30-39,78.0,0.0
02 JUL 2020,40-49,56.0,1.0
02 JUL 2020,50-59,41.0,1.0
02 JUL 2020,60-69,35.0,0.0
02 JUL 2020,70-79,24.0,2.0
02 JUL 2020,80+,23.0,4.0
03 JUL 2020,0-9,27.0,0.0
03 JUL 2020,10-19,27.0,0.0
03 JUL 2020,20-29,76.0,0.0
03 JUL 2020,30-39,74.0,0.0
03 JUL 2020,40-49,79.0,0.0
03 JUL 2020,50-59,47.0,1.0
03 JUL 2020,60-69,48.0,1.0
03 JUL 2020,70-79,22.0,3.0
03 JUL 2020,80+,55.0,6.0
04 JUL 2020,0-9,26.0,0.0
04 JUL 2020,10-19,36.0,0.0
04 JUL 2020,20-29,83.0,0.0
04 JUL 2020,30-39,60.0,0.0
04 JUL 2020,40-49,64.0,1.0
04 JUL 2020,50-59,52.0,0.0
04 JUL 2020,60-69,36.0,1.0
04 JUL 2020,70-79,25.0,0.0
04 JUL 2020,80+,30.0,5.0
05 JUL 2020,0-9,40.0,0.0
05 JUL 2020,10-19,21.0,0.0
05 JUL 2020,20-29,62.0,0.0
05 JUL 2020,30-39,66.0,0.0
05 JUL 2020,40-49,42.0,0.0
05 JUL 2020,50-59,30.0,0.0
05 JUL 2020,60-69,25.0,0.0
05 JUL 2020,70-79,13.0,1.0
05 JUL 2020,80+,28.0,8.0
06 JUL 2020,0-9,12.0,0.0
06 JUL 2020,10-19,15.0,0.0
06 JUL 2020,20-29,52.0,0.0
06 JUL 2020,30-39,29.0,0.0
06 JUL 2020,40-49,34.0,0.0
06 JUL 2020,50-59,34.0,1.0
06 JUL 2020,60-69,21.0,2.0
06 JUL 2020,70-79,17.0,0.0
06 JUL 2020,80+,17.0,3.0
07 JUL 2020,0-9,19.0,0.0
07 JUL 2020,10-19,16.0,0.0
07 JUL 2020,20-29,51.0,0.0
07 JUL 2020,30-39,52.0,0.0
07 JUL 2020,40-49,51.0,0.0
07 JUL 2020,50-59,33.0,0.0
07 JUL 2020,60-69,25.0,0.0
07 JUL 2020,70-79,17.0,4.0
07 JUL 2020,80+,23.0,5.0
08 JUL 2020,0-9,23.0,0.0
08 JUL 2020,10-19,20.0,0.0
08 JUL 2020,20-29,92.0,0.0
08 JUL 2020,30-39,94.0,0.0
08 JUL 2020,40-49,55.0,0.0
08 JUL 2020,50-59,68.0,1.0
08 JUL 2020,60-69,30.0,0.0
08 JUL 2020,70-79,27.0,1.0
08 JUL 2020,80+,34.0,0.0
09 JUL 2020,0-9,17.0,0.0
09 JUL 2020,10-19,32.0,0.0
09 JUL 2020,20-29,75.0,0.0
09 JUL 2020,30-39,72.0,0.0
09 JUL 2020,40-49,66.0,0.0
09 JUL 2020,50-59,59.0,1.0
09 JUL 2020,60-69,39.0,0.0
09 JUL 2020,70-79,36.0,0.0
09 JUL 2020,80+,22.0,12.0
10 JUL 2020,0-9,20.0,0.0
10 JUL 2020,10-19,37.0,0.0
10 JUL 2020,20-29,88.0,0.0
10 JUL 2020,30-39,79.0,0.0
10 JUL 2020,40-49,59.0,0.0
10 JUL 2020,50-59,56.0,0.0
10 JUL 2020,60-69,31.0,0.0
10 JUL 2020,70-79,16.0,0.0
10 JUL 2020,80+,16.0,2.0
11 JUL 2020,0-9,23.0,0.0
11 JUL 2020,10-19,28.0,0.0
11 JUL 2020,20-29,60.0,0.0
11 JUL 2020,30-39,70.0,0.0
11 JUL 2020,40-49,56.0,0.0
11 JUL 2020,50-59,45.0,0.0
11 JUL 2020,60-69,19.0,1.0
11 JUL 2020,70-79,17.0,3.0
11 JUL 2020,80+,23.0,4.0
12 JUL 2020,0-9,21.0,0.0
12 JUL 2020,10-19,21.0,0.0
12 JUL 2020,20-29,40.0,0.0
12 JUL 2020,30-39,53.0,0.0
12 JUL 2020,40-49,47.0,0.0
12 JUL 2020,50-59,29.0,0.0
12 JUL 2020,60-69,37.0,1.0
12 JUL 2020,70-79,17.0,2.0
12 JUL 2020,80+,16.0,3.0
13 JUL 2020,0-9,25.0,0.0
13 JUL 2020,10-19,16.0,0.0
13 JUL 2020,20-29,63.0,0.0
13 JUL 2020,30-39,56.0,1.0
13 JUL 2020,40-49,41.0,0.0
13 JUL 2020,50-59,43.0,0.0
13 JUL 2020,60-69,32.0,0.0
13 JUL 2020,70-79,16.0,1.0
13 JUL 2020,80+,14.0,0.0
14 JUL 2020,0-9,10.0,0.0
14 JUL 2020,10-19,11.0,0.0
14 JUL 2020,20-29,57.0,0.0
14 JUL 2020,30-39,36.0,0.0
14 JUL 2020,40-49,46.0,0.0
14 JUL 2020,50-59,30.0,0.0
14 JUL 2020,60-69,23.0,0.0
14 JUL 2020,70-79,10.0,3.0
14 JUL 2020,80+,9.0,3.0
15 JUL 2020,0-9,24.0,0.0
15 JUL 2020,10-19,26.0,0.0
15 JUL 2020,20-29,56.0,0.0
15 JUL 2020,30-39,72.0,0.0
15 JUL 2020,40-49,81.0,0.0
15 JUL 2020,50-59,47.0,0.0
15 JUL 2020,60-69,25.0,0.0
15 JUL 2020,70-79,22.0,0.0
15 JUL 2020,80+,15.0,8.0
16 JUL 2020,0-9,22.0,0.0
16 JUL 2020,10-19,26.0,0.0
16 JUL 2020,20-29,61.0,0.0
16 JUL 2020,30-39,72.0,0.0
16 JUL 2020,40-49,57.0,0.0
16 JUL 2020,50-59,40.0,0.0
16 JUL 2020,60-69,21.0,0.0
16 JUL 2020,70-79,21.0,1.0
16 JUL 2020,80+,17.0,2.0
17 JUL 2020,0-9,24.0,0.0
17 JUL 2020,10-19,18.0,0.0
17 JUL 2020,20-29,66.0,0.0
17 JUL 2020,30-39,60.0,0.0
17 JUL 2020,40-49,49.0,0.0
17 JUL 2020,50-59,41.0,0.0
17 JUL 2020,60-69,21.0,0.0
17 JUL 2020,70-79,16.0,0.0
17 JUL 2020,80+,11.0,3.0
18 JUL 2020,0-9,23.0,0.0
18 JUL 2020,10-19,19.0,0.0
18 JUL 2020,20-29,61.0,0.0
18 JUL 2020,30-39,47.0,0.0
18 JUL 2020,40-49,53.0,0.0
18 JUL 2020,50-59,41.0,0.0
18 JUL 2020,60-69,32.0,0.0
18 JUL 2020,70-79,19.0,0.0
18 JUL 2020,80+,18.0,2.0
19 JUL 2020,0-9,19.0,0.0
19 JUL 2020,10-19,19.0,0.0
19 JUL 2020,20-29,37.0,0.0
19 JUL 2020,30-39,45.0,0.0
19 JUL 2020,40-49,44.0,0.0
19 JUL 2020,50-59,37.0,0.0
19 JUL 2020,60-69,20.0,0.0
19 JUL 2020,70-79,14.0,1.0
19 JUL 2020,80+,11.0,4.0
20 JUL 2020,0-9,8.0,0.0
20 JUL 2020,10-19,8.0,0.0
20 JUL 2020,20-29,24.0,0.0
20 JUL 2020,30-39,24.0,0.0
20 JUL 2020,40-49,20.0,0.0
20 JUL 2020,50-59,16.0,0.0
20 JUL 2020,60-69,16.0,0.0
20 JUL 2020,70-79,7.0,0.0
20 JUL 2020,80+,12.0,2.0
21 JUL 2020,0-9,6.0,0.0
21 JUL 2020,10-19,6.0,0.0
21 JUL 2020,20-29,27.0,0.0
21 JUL 2020,30-39,25.0,0.0
21 JUL 2020,40-49,15.0,0.0
21 JUL 2020,50-59,16.0,0.0
21 JUL 2020,60-69,15.0,1.0
21 JUL 2020,70-79,9.0,1.0
21 JUL 2020,80+,8.0,4.0
22 JUL 2020,0-9,22.0,0.0
22 JUL 2020,10-19,24.0,0.0
22 JUL 2020,20-29,42.0,0.0
22 JUL 2020,30-39,44.0,0.0
22 JUL 2020,40-49,48.0,0.0
22 JUL 2020,50-59,23.0,0.0
22 JUL 2020,60-69,19.0,1.0
22 JUL 2020,70-79,22.0,0.0
22 JUL 2020,80+,7.0,4.0
23 JUL 2020,0-9,13.0,0.0
23 JUL 2020,10-19,19.0,0.0
23 JUL 2020,20-29,43.0,0.0
23 JUL 2020,30-39,33.0,0.0
23 JUL 2020,40-49,45.0,0.0
23 JUL 2020,50-59,26.0,0.0
23 JUL 2020,60-69,17.0,0.0
23 JUL 2020,70-79,18.0,0.0
23 JUL 2020,80+,13.0,3.0
24 JUL 2020,0-9,18.0,0.0
24 JUL 2020,10-19,24.0,0.0
24 JUL 2020,20-29,54.0,0.0
24 JUL 2020,30-39,65.0,0.0
24 JUL 2020,40-49,49.0,0.0
24 JUL 2020,50-59,34.0,0.0
24 JUL 2020,60-69,31.0,0.0
24 JUL 2020,70-79,11.0,3.0
24 JUL 2020,80+,27.0,4.0
25 JUL 2020,0-9,14.0,0.0
25 JUL 2020,10-19,20.0,0.0
25 JUL 2020,20-29,49.0,0.0
25 JUL 2020,30-39,57.0,0.0
25 JUL 2020,40-49,44.0,0.0
25 JUL 2020,50-59,29.0,0.0
25 JUL 2020,60-69,26.0,0.0
25 JUL 2020,70-79,16.0,1.0
25 JUL 2020,80+,8.0,3.0
26 JUL 2020,0-9,22.0,0.0
26 JUL 2020,10-19,7.0,0.0
26 JUL 2020,20-29,43.0,0.0
26 JUL 2020,30-39,32.0,0.0
26 JUL 2020,40-49,31.0,0.0
26 JUL 2020,50-59,32.0,0.0
26 JUL 2020,60-69,16.0,0.0
26 JUL 2020,70-79,10.0,1.0
26 JUL 2020,80+,15.0,0.0
27 JUL 2020,0-9,4.0,0.0
27 JUL 2020,10-19,11.0,0.0
27 JUL 2020,20-29,22.0,0.0
27 JUL 2020,30-39,28.0,0.0
27 JUL 2020,40-49,27.0,0.0
27 JUL 2020,50-59,18.0,0.0
27 JUL 2020,60-69,12.0,0.0
27 JUL 2020,70-79,5.0,0.0
27 JUL 2020,80+,8.0,2.0
28 JUL 2020,0-9,8.0,0.0
28 JUL 2020,10-19,5.0,0.0
28 JUL 2020,20-29,22.0,0.0
28 JUL 2020,30-39,9.0,0.0
28 JUL 2020,40-49,12.0,0.0
28 JUL 2020,50-59,14.0,0.0
28 JUL 2020,60-69,17.0,1.0
28 JUL 2020,70-79,8.0,1.0
28 JUL 2020,80+,12.0,1.0
29 JUL 2020,0-9,22.0,0.0
29 JUL 2020,10-19,9.0,0.0
29 JUL 2020,20-29,50.0,0.0
29 JUL 2020,30-39,22.0,0.0
29 JUL 2020,40-49,37.0,0.0
29 JUL 2020,50-59,36.0,0.0
29 JUL 2020,60-69,10.0,0.0
29 JUL 2020,70-79,9.0,0.0
29 JUL 2020,80+,6.0,3.0
30 JUL 2020,0-9,13.0,0.0
30 JUL 2020,10-19,11.0,0.0
30 JUL 2020,20-29,39.0,0.0
30 JUL 2020,30-39,54.0,0.0
30 JUL 2020,40-49,58.0,0.0
30 JUL 2020,50-59,31.0,0.0
30 JUL 2020,60-69,22.0,0.0
30 JUL 2020,70-79,12.0,1.0
30 JUL 2020,80+,15.0,1.0
31 JUL 2020,0-9,19.0,0.0
31 JUL 2020,10-19,18.0,0.0
31 JUL 2020,20-29,26.0,0.0
31 JUL 2020,30-39,26.0,1.0
31 JUL 2020,40-49,43.0,0.0
31 JUL 2020,50-59,26.0,0.0
31 JUL 2020,60-69,17.0,1.0
31 JUL 2020,70-79,14.0,3.0
31 JUL 2020,80+,13.0,3.0
01 AGO 2020,0-9,24.0,0.0
01 AGO 2020,10-19,19.0,0.0
01 AGO 2020,20-29,32.0,0.0
01 AGO 2020,30-39,37.0,0.0
01 AGO 2020,40-49,36.0,0.0
01 AGO 2020,50-59,27.0,0.0
01 AGO 2020,60-69,23.0,0.0
01 AGO 2020,70-79,13.0,0.0
01 AGO 2020,80+,27.0,2.0
02 AGO 2020,0-9,16.0,0.0
02 AGO 2020,10-19,18.0,0.0
02 AGO 2020,20-29,26.0,0.0
02 AGO 2020,30-39,30.0,0.0
02 AGO 2020,40-49,17.0,0.0
02 AGO 2020,50-59,19.0,0.0
02 AGO 2020,60-69,8.0,1.0
02 AGO 2020,70-79,6.0,0.0
02 AGO 2020,80+,13.0,0.0
03 AGO 2020,0-9,9.0,0.0
03 AGO 2020,10-19,5.0,0.0
03 AGO 2020,20-29,15.0,0.0
03 AGO 2020,30-39,22.0,0.0
03 AGO 2020,40-49,18.0,0.0
03 AGO 2020,50-59,12.0,0.0
03 AGO 2020,60-69,10.0,0.0
03 AGO 2020,70-79,12.0,0.0
03 AGO 2020,80+,3.0,0.0
04 AGO 2020,0-9,7.0,0.0
04 AGO 2020,10-19,9.0,0.0
04 AGO 2020,20-29,15.0,0.0
04 AGO 2020,30-39,17.0,0.0
04 AGO 2020,40-49,22.0,0.0
04 AGO 2020,50-59,8.0,0.0
04 AGO 2020,60-69,17.0,0.0
04 AGO 2020,70-79,7.0,1.0
04 AGO 2020,80+,8.0,0.0
05 AGO 2020,0-9,12.0,0.0
05 AGO 2020,10-19,16.0,0.0
05 AGO 2020,20-29,22.0,0.0
05 AGO 2020,30-39,27.0,0.0
05 AGO 2020,40-49,25.0,0.0
05 AGO 2020,50-59,28.0,1.0
05 AGO 2020,60-69,20.0,0.0
05 AGO 2020,70-79,10.0,0.0
05 AGO 2020,80+,7.0,0.0
06 AGO 2020,0-9,10.0,0.0
06 AGO 2020,10-19,19.0,0.0
06 AGO 2020,20-29,38.0,0.0
06 AGO 2020,30-39,37.0,0.0
06 AGO 2020,40-49,25.0,0.0
06 AGO 2020,50-59,31.0,1.0
06 AGO 2020,60-69,17.0,0.0
06 AGO 2020,70-79,16.0,1.0
06 AGO 2020,80+,20.0,1.0
07 AGO 2020,0-9,8.0,0.0
07 AGO 2020,10-19,20.0,0.0
07 AGO 2020,20-29,52.0,0.0
07 AGO 2020,30-39,52.0,0.0
07 AGO 2020,40-49,32.0,0.0
07 AGO 2020,50-59,35.0,0.0
07 AGO 2020,60-69,22.0,0.0
07 AGO 2020,70-79,26.0,2.0
07 AGO 2020,80+,43.0,1.0
08 AGO 2020,0-9,16.0,0.0
08 AGO 2020,10-19,21.0,0.0
08 AGO 2020,20-29,30.0,0.0
08 AGO 2020,30-39,27.0,0.0
08 AGO 2020,40-49,33.0,0.0
08 AGO 2020,50-59,19.0,0.0
08 AGO 2020,60-69,24.0,1.0
08 AGO 2020,70-79,8.0,2.0
08 AGO 2020,80+,8.0,1.0
09 AGO 2020,0-9,5.0,0.0
09 AGO 2020,10-19,10.0,0.0
09 AGO 2020,20-29,24.0,0.0
09 AGO 2020,30-39,21.0,0.0
09 AGO 2020,40-49,21.0,0.0
09 AGO 2020,50-59,23.0,0.0
09 AGO 2020,60-69,12.0,0.0
09 AGO 2020,70-79,15.0,2.0
09 AGO 2020,80+,0.0,4.0
10 AGO 2020,0-9,12.0,0.0
10 AGO 2020,10-19,8.0,0.0
10 AGO 2020,20-29,35.0,0.0
10 AGO 2020,30-39,23.0,0.0
10 AGO 2020,40-49,31.0,0.0
10 AGO 2020,50-59,24.0,0.0
10 AGO 2020,60-69,13.0,1.0
10 AGO 2020,70-79,6.0,0.0
10 AGO 2020,80+,5.0,2.0
11 AGO 2020,0-9,5.0,0.0
11 AGO 2020,10-19,5.0,0.0
11 AGO 2020,20-29,24.0,0.0
11 AGO 2020,30-39,29.0,0.0
11 AGO 2020,40-49,17.0,0.0
11 AGO 2020,50-59,10.0,0.0
11 AGO 2020,60-69,8.0,0.0
11 AGO 2020,70-79,5.0,0.0
11 AGO 2020,80+,16.0,2.0
12 AGO 2020,0-9,16.0,0.0
12 AGO 2020,10-19,18.0,0.0
12 AGO 2020,20-29,56.0,0.0
12 AGO 2020,30-39,50.0,0.0
12 AGO 2020,40-49,37.0,0.0
12 AGO 2020,50-59,33.0,0.0
12 AGO 2020,60-69,25.0,0.0
12 AGO 2020,70-79,17.0,0.0
12 AGO 2020,80+,29.0,3.0
13 AGO 2020,0-9,6.0,0.0
13 AGO 2020,10-19,23.0,0.0
13 AGO 2020,20-29,52.0,0.0
13 AGO 2020,30-39,50.0,0.0
13 AGO 2020,40-49,46.0,0.0
13 AGO 2020,50-59,48.0,0.0
13 AGO 2020,60-69,30.0,0.0
13 AGO 2020,70-79,23.0,2.0
13 AGO 2020,80+,47.0,4.0
14 AGO 2020,0-9,25.0,0.0
14 AGO 2020,10-19,18.0,0.0
14 AGO 2020,20-29,67.0,0.0
14 AGO 2020,30-39,43.0,0.0
14 AGO 2020,40-49,34.0,0.0
14 AGO 2020,50-59,21.0,0.0
14 AGO 2020,60-69,16.0,1.0
14 AGO 2020,70-79,6.0,0.0
14 AGO 2020,80+,6.0,1.0
15 AGO 2020,0-9,12.0,0.0
15 AGO 2020,10-19,16.0,0.0
15 AGO 2020,20-29,38.0,0.0
15 AGO 2020,30-39,29.0,0.0
15 AGO 2020,40-49,49.0,0.0
15 AGO 2020,50-59,24.0,0.0
15 AGO 2020,60-69,14.0,0.0
15 AGO 2020,70-79,7.0,0.0
15 AGO 2020,80+,8.0,3.0
16 AGO 2020,0-9,7.0,0.0
16 AGO 2020,10-19,7.0,0.0
16 AGO 2020,20-29,19.0,0.0
16 AGO 2020,30-39,22.0,0.0
16 AGO 2020,40-49,18.0,1.0
16 AGO 2020,50-59,19.0,0.0
16 AGO 2020,60-69,14.0,1.0
16 AGO 2020,70-79,8.0,0.0
16 AGO 2020,80+,7.0,1.0
17 AGO 2020,0-9,7.0,0.0
17 AGO 2020,10-19,9.0,0.0
17 AGO 2020,20-29,19.0,0.0
17 AGO 2020,30-39,22.0,0.0
17 AGO 2020,40-49,24.0,0.0
17 AGO 2020,50-59,16.0,0.0
17 AGO 2020,60-69,15.0,0.0
17 AGO 2020,70-79,9.0,0.0
17 AGO 2020,80+,11.0,1.0
18 AGO 2020,0-9,5.0,0.0
18 AGO 2020,10-19,11.0,0.0
18 AGO 2020,20-29,31.0,0.0
18 AGO 2020,30-39,33.0,0.0
18 AGO 2020,40-49,32.0,0.0
18 AGO 2020,50-59,35.0,0.0
18 AGO 2020,60-69,18.0,0.0
18 AGO 2020,70-79,11.0,1.0
18 AGO 2020,80+,38.0,4.0
19 AGO 2020,0-9,7.0,1.0
19 AGO 2020,10-19,17.0,0.0
19 AGO 2020,20-29,46.0,0.0
19 AGO 2020,30-39,49.0,0.0
19 AGO 2020,40-49,47.0,0.0
19 AGO 2020,50-59,30.0,0.0
19 AGO 2020,60-69,22.0,0.0
19 AGO 2020,70-79,17.0,0.0
19 AGO 2020,80+,18.0,1.0
20 AGO 2020,0-9,8.0,0.0
20 AGO 2020,10-19,16.0,0.0
20 AGO 2020,20-29,55.0,0.0
20 AGO 2020,30-39,57.0,0.0
20 AGO 2020,40-49,47.0,0.0
20 AGO 2020,50-59,36.0,0.0
20 AGO 2020,60-69,41.0,0.0
20 AGO 2020,70-79,17.0,1.0
20 AGO 2020,80+,14.0,1.0
21 AGO 2020,0-9,11.0,0.0
21 AGO 2020,10-19,12.0,0.0
21 AGO 2020,20-29,47.0,0.0
21 AGO 2020,30-39,38.0,0.0
21 AGO 2020,40-49,39.0,0.0
21 AGO 2020,50-59,23.0,1.0
21 AGO 2020,60-69,21.0,0.0
21 AGO 2020,70-79,18.0,0.0
21 AGO 2020,80+,10.0,3.0
22 AGO 2020,0-9,12.0,0.0
22 AGO 2020,10-19,12.0,0.0
22 AGO 2020,20-29,48.0,0.0
22 AGO 2020,30-39,42.0,0.0
22 AGO 2020,40-49,35.0,0.0
22 AGO 2020,50-59,33.0,0.0
22 AGO 2020,60-69,25.0,0.0
22 AGO 2020,70-79,12.0,1.0
22 AGO 2020,80+,21.0,1.0
23 AGO 2020,0-9,10.0,0.0
23 AGO 2020,10-19,10.0,0.0
23 AGO 2020,20-29,36.0,0.0
23 AGO 2020,30-39,29.0,0.0
23 AGO 2020,40-49,22.0,0.0
23 AGO 2020,50-59,18.0,0.0
23 AGO 2020,60-69,9.0,0.0
23 AGO 2020,70-79,7.0,0.0
23 AGO 2020,80+,4.0,2.0
24 AGO 2020,0-9,3.0,0.0
24 AGO 2020,10-19,10.0,0.0
24 AGO 2020,20-29,26.0,0.0
24 AGO 2020,30-39,25.0,0.0
24 AGO 2020,40-49,16.0,0.0
24 AGO 2020,50-59,11.0,0.0
24 AGO 2020,60-69,11.0,0.0
24 AGO 2020,70-79,7.0,3.0
24 AGO 2020,80+,14.0,2.0
25 AGO 2020,0-9,14.0,0.0
25 AGO 2020,10-19,10.0,0.0
25 AGO 2020,20-29,28.0,0.0
25 AGO 2020,30-39,34.0,0.0
25 AGO 2020,40-49,36.0,0.0
25 AGO 2020,50-59,18.0,0.0
25 AGO 2020,60-69,25.0,0.0
25 AGO 2020,70-79,13.0,3.0
25 AGO 2020,80+,14.0,1.0
26 AGO 2020,0-9,12.0,0.0
26 AGO 2020,10-19,19.0,0.0
26 AGO 2020,20-29,71.0,0.0
26 AGO 2020,30-39,60.0,0.0
26 AGO 2020,40-49,44.0,0.0
26 AGO 2020,50-59,46.0,0.0
26 AGO 2020,60-69,41.0,0.0
26 AGO 2020,70-79,29.0,0.0
26 AGO 2020,80+,39.0,2.0
27 AGO 2020,0-9,14.0,0.0
27 AGO 2020,10-19,36.0,0.0
27 AGO 2020,20-29,86.0,0.0
27 AGO 2020,30-39,67.0,0.0
27 AGO 2020,40-49,60.0,0.0
27 AGO 2020,50-59,47.0,0.0
27 AGO 2020,60-69,37.0,0.0
27 AGO 2020,70-79,28.0,0.0
27 AGO 2020,80+,24.0,2.0
28 AGO 2020,0-9,23.0,0.0
28 AGO 2020,10-19,38.0,0.0
28 AGO 2020,20-29,65.0,0.0
28 AGO 2020,30-39,74.0,0.0
28 AGO 2020,40-49,70.0,0.0
28 AGO 2020,50-59,66.0,0.0
28 AGO 2020,60-69,34.0,0.0
28 AGO 2020,70-79,17.0,2.0
28 AGO 2020,80+,14.0,4.0
29 AGO 2020,0-9,26.0,0.0
29 AGO 2020,10-19,26.0,0.0
29 AGO 2020,20-29,86.0,0.0
29 AGO 2020,30-39,67.0,0.0
29 AGO 2020,40-49,64.0,0.0
29 AGO 2020,50-59,45.0,0.0
29 AGO 2020,60-69,32.0,0.0
29 AGO 2020,70-79,9.0,0.0
29 AGO 2020,80+,19.0,3.0
30 AGO 2020,0-9,6.0,0.0
30 AGO 2020,10-19,21.0,0.0
30 AGO 2020,20-29,70.0,0.0
30 AGO 2020,30-39,52.0,0.0
30 AGO 2020,40-49,48.0,0.0
30 AGO 2020,50-59,40.0,0.0
30 AGO 2020,60-69,22.0,0.0
30 AGO 2020,70-79,22.0,1.0
30 AGO 2020,80+,35.0,0.0
31 AGO 2020,0-9,8.0,0.0
31 AGO 2020,10-19,7.0,0.0
31 AGO 2020,20-29,24.0,0.0
31 AGO 2020,30-39,39.0,0.0
31 AGO 2020,40-49,39.0,0.0
31 AGO 2020,50-59,38.0,0.0
31 AGO 2020,60-69,35.0,0.0
31 AGO 2020,70-79,22.0,0.0
31 AGO 2020,80+,32.0,3.0
01 SET 2020,0-9,14.0,0.0
01 SET 2020,10-19,14.0,0.0
01 SET 2020,20-29,61.0,0.0
01 SET 2020,30-39,30.0,0.0
01 SET 2020,40-49,32.0,0.0
01 SET 2020,50-59,30.0,0.0
01 SET 2020,60-69,23.0,0.0
01 SET 2020,70-79,13.0,0.0
01 SET 2020,80+,14.0,2.0
02 SET 2020,0-9,20.0,0.0
02 SET 2020,10-19,29.0,0.0
02 SET 2020,20-29,81.0,0.0
02 SET 2020,30-39,68.0,0.0
02 SET 2020,40-49,52.0,0.0
02 SET 2020,50-59,53.0,0.0
02 SET 2020,60-69,40.0,0.0
02 SET 2020,70-79,17.0,3.0
02 SET 2020,80+,30.0,0.0
03 SET 2020,0-9,20.0,0.0
03 SET 2020,10-19,26.0,0.0
03 SET 2020,20-29,72.0,0.0
03 SET 2020,30-39,74.0,0.0
03 SET 2020,40-49,64.0,0.0
03 SET 2020,50-59,51.0,0.0
03 SET 2020,60-69,52.0,1.0
03 SET 2020,70-79,29.0,0.0
03 SET 2020,80+,30.0,1.0
04 SET 2020,0-9,18.0,0.0
04 SET 2020,10-19,26.0,0.0
04 SET 2020,20-29,75.0,0.0
04 SET 2020,30-39,59.0,0.0
04 SET 2020,40-49,64.0,0.0
04 SET 2020,50-59,61.0,0.0
04 SET 2020,60-69,35.0,0.0
04 SET 2020,70-79,30.0,3.0
04 SET 2020,80+,38.0,1.0
05 SET 2020,0-9,36.0,0.0
05 SET 2020,10-19,46.0,0.0
05 SET 2020,20-29,80.0,0.0
05 SET 2020,30-39,72.0,0.0
05 SET 2020,40-49,83.0,0.0
05 SET 2020,50-59,56.0,0.0
05 SET 2020,60-69,51.0,0.0
05 SET 2020,70-79,28.0,2.0
05 SET 2020,80+,34.0,3.0
06 SET 2020,0-9,12.0,0.0
06 SET 2020,10-19,29.0,0.0
06 SET 2020,20-29,48.0,0.0
06 SET 2020,30-39,46.0,0.0
06 SET 2020,40-49,45.0,0.0
06 SET 2020,50-59,39.0,0.0
06 SET 2020,60-69,28.0,0.0
06 SET 2020,70-79,21.0,2.0
06 SET 2020,80+,47.0,0.0
07 SET 2020,0-9,10.0,0.0
07 SET 2020,10-19,21.0,0.0
07 SET 2020,20-29,32.0,0.0
07 SET 2020,30-39,44.0,0.0
07 SET 2020,40-49,34.0,0.0
07 SET 2020,50-59,28.0,0.0
07 SET 2020,60-69,29.0,0.0
07 SET 2020,70-79,17.0,0.0
07 SET 2020,80+,14.0,3.0
08 SET 2020,0-9,24.0,0.0
08 SET 2020,10-19,31.0,0.0
08 SET 2020,20-29,62.0,0.0
08 SET 2020,30-39,53.0,0.0
08 SET 2020,40-49,52.0,0.0
08 SET 2020,50-59,57.0,0.0
08 SET 2020,60-69,53.0,0.0
08 SET 2020,70-79,26.0,1.0
08 SET 2020,80+,29.0,2.0
09 SET 2020,0-9,36.0,0.0
09 SET 2020,10-19,63.0,0.0
09 SET 2020,20-29,125.0,0.0
09 SET 2020,30-39,93.0,0.0
09 SET 2020,40-49,103.0,0.0
09 SET 2020,50-59,86.0,0.0
09 SET 2020,60-69,64.0,0.0
09 SET 2020,70-79,45.0,1.0
09 SET 2020,80+,31.0,2.0
10 SET 2020,0-9,30.0,0.0
10 SET 2020,10-19,40.0,0.0
10 SET 2020,20-29,88.0,0.0
10 SET 2020,30-39,123.0,0.0
10 SET 2020,40-49,80.0,0.0
10 SET 2020,50-59,85.0,0.0
10 SET 2020,60-69,66.0,1.0
10 SET 2020,70-79,29.0,2.0
10 SET 2020,80+,24.0,0.0
11 SET 2020,0-9,29.0,0.0
11 SET 2020,10-19,51.0,0.0
11 SET 2020,20-29,123.0,0.0
11 SET 2020,30-39,111.0,0.0
11 SET 2020,40-49,114.0,1.0
11 SET 2020,50-59,100.0,0.0
11 SET 2020,60-69,74.0,1.0
11 SET 2020,70-79,35.0,0.0
11 SET 2020,80+,49.0,1.0
12 SET 2020,0-9,28.0,0.0
12 SET 2020,10-19,51.0,0.0
12 SET 2020,20-29,98.0,0.0
12 SET 2020,30-39,76.0,0.0
12 SET 2020,40-49,72.0,0.0
12 SET 2020,50-59,72.0,0.0
12 SET 2020,60-69,49.0,1.0
12 SET 2020,70-79,18.0,3.0
12 SET 2020,80+,33.0,1.0
13 SET 2020,0-9,43.0,0.0
13 SET 2020,10-19,45.0,0.0
13 SET 2020,20-29,165.0,0.0
13 SET 2020,30-39,102.0,0.0
13 SET 2020,40-49,95.0,0.0
13 SET 2020,50-59,63.0,0.0
13 SET 2020,60-69,40.0,0.0
13 SET 2020,70-79,36.0,1.0
13 SET 2020,80+,82.0,6.0
14 SET 2020,0-9,33.0,0.0
14 SET 2020,10-19,45.0,0.0
14 SET 2020,20-29,118.0,0.0
14 SET 2020,30-39,100.0,0.0
14 SET 2020,40-49,93.0,0.0
14 SET 2020,50-59,102.0,0.0
14 SET 2020,60-69,60.0,0.0
14 SET 2020,70-79,34.0,0.0
14 SET 2020,80+,28.0,4.0
15 SET 2020,0-9,21.0,0.0
15 SET 2020,10-19,27.0,0.0
15 SET 2020,20-29,82.0,0.0
15 SET 2020,30-39,63.0,0.0
15 SET 2020,40-49,60.0,0.0
15 SET 2020,50-59,47.0,0.0
15 SET 2020,60-69,49.0,0.0
15 SET 2020,70-79,29.0,0.0
15 SET 2020,80+,47.0,4.0
16 SET 2020,0-9,32.0,0.0
16 SET 2020,10-19,33.0,0.0
16 SET 2020,20-29,92.0,0.0
16 SET 2020,30-39,107.0,0.0
16 SET 2020,40-49,104.0,0.0
16 SET 2020,50-59,92.0,0.0
16 SET 2020,60-69,61.0,0.0
16 SET 2020,70-79,33.0,0.0
16 SET 2020,80+,25.0,3.0
17 SET 2020,0-9,31.0,0.0
17 SET 2020,10-19,63.0,0.0
17 SET 2020,20-29,113.0,0.0
17 SET 2020,30-39,157.0,0.0
17 SET 2020,40-49,150.0,0.0
17 SET 2020,50-59,115.0,0.0
17 SET 2020,60-69,63.0,1.0
17 SET 2020,70-79,41.0,1.0
17 SET 2020,80+,33.0,8.0
18 SET 2020,0-9,48.0,0.0
18 SET 2020,10-19,58.0,0.0
18 SET 2020,20-29,145.0,0.0
18 SET 2020,30-39,130.0,0.0
18 SET 2020,40-49,106.0,1.0
18 SET 2020,50-59,118.0,1.0
18 SET 2020,60-69,88.0,1.0
18 SET 2020,70-79,56.0,0.0
18 SET 2020,80+,49.0,3.0
19 SET 2020,0-9,43.0,0.0
19 SET 2020,10-19,68.0,0.0
19 SET 2020,20-29,159.0,0.0
19 SET 2020,30-39,143.0,0.0
19 SET 2020,40-49,156.0,0.0
19 SET 2020,50-59,124.0,0.0
19 SET 2020,60-69,81.0,0.0
19 SET 2020,70-79,43.0,1.0
19 SET 2020,80+,37.0,4.0
20 SET 2020,0-9,20.0,0.0
20 SET 2020,10-19,61.0,0.0
20 SET 2020,20-29,79.0,0.0
20 SET 2020,30-39,80.0,0.0
20 SET 2020,40-49,83.0,0.0
20 SET 2020,50-59,70.0,0.0
20 SET 2020,60-69,52.0,2.0
20 SET 2020,70-79,47.0,2.0
20 SET 2020,80+,40.0,9.0
21 SET 2020,0-9,35.0,0.0
21 SET 2020,10-19,56.0,0.0
21 SET 2020,20-29,106.0,0.0
21 SET 2020,30-39,125.0,0.0
21 SET 2020,40-49,113.0,0.0
21 SET 2020,50-59,76.0,0.0
21 SET 2020,60-69,45.0,1.0
21 SET 2020,70-79,33.0,3.0
21 SET 2020,80+,33.0,4.0
22 SET 2020,0-9,30.0,0.0
22 SET 2020,10-19,31.0,0.0
22 SET 2020,20-29,61.0,0.0
22 SET 2020,30-39,70.0,0.0
22 SET 2020,40-49,85.0,0.0
22 SET 2020,50-59,60.0,0.0
22 SET 2020,60-69,57.0,0.0
22 SET 2020,70-79,33.0,1.0
22 SET 2020,80+,39.0,4.0
23 SET 2020,0-9,44.0,0.0
23 SET 2020,10-19,66.0,0.0
23 SET 2020,20-29,135.0,0.0
23 SET 2020,30-39,145.0,0.0
23 SET 2020,40-49,108.0,0.0
23 SET 2020,50-59,111.0,0.0
23 SET 2020,60-69,71.0,0.0
23 SET 2020,70-79,59.0,0.0
23 SET 2020,80+,64.0,3.0
24 SET 2020,0-9,37.0,0.0
24 SET 2020,10-19,61.0,0.0
24 SET 2020,20-29,94.0,0.0
24 SET 2020,30-39,93.0,0.0
24 SET 2020,40-49,127.0,0.0
24 SET 2020,50-59,109.0,0.0
24 SET 2020,60-69,72.0,1.0
24 SET 2020,70-79,56.0,0.0
24 SET 2020,80+,41.0,2.0
25 SET 2020,0-9,63.0,0.0
25 SET 2020,10-19,67.0,0.0
25 SET 2020,20-29,149.0,0.0
25 SET 2020,30-39,149.0,0.0
25 SET 2020,40-49,137.0,0.0
25 SET 2020,50-59,141.0,0.0
25 SET 2020,60-69,90.0,0.0
25 SET 2020,70-79,55.0,1.0
25 SET 2020,80+,50.0,4.0
26 SET 2020,0-9,52.0,0.0
26 SET 2020,10-19,75.0,0.0
26 SET 2020,20-29,138.0,0.0
26 SET 2020,30-39,149.0,0.0
26 SET 2020,40-49,126.0,0.0
26 SET 2020,50-59,112.0,0.0
26 SET 2020,60-69,73.0,2.0
26 SET 2020,70-79,60.0,0.0
26 SET 2020,80+,99.0,6.0
27 SET 2020,0-9,37.0,0.0
27 SET 2020,10-19,53.0,0.0
27 SET 2020,20-29,116.0,0.0
27 SET 2020,30-39,110.0,0.0
27 SET 2020,40-49,93.0,0.0
27 SET 2020,50-59,83.0,0.0
27 SET 2020,60-69,58.0,0.0
27 SET 2020,70-79,45.0,1.0
27 SET 2020,80+,27.0,8.0
28 SET 2020,0-9,29.0,0.0
28 SET 2020,10-19,40.0,0.0
28 SET 2020,20-29,57.0,0.0
28 SET 2020,30-39,81.0,0.0
28 SET 2020,40-49,72.0,0.0
28 SET 2020,50-59,50.0,0.0
28 SET 2020,60-69,37.0,0.0
28 SET 2020,70-79,32.0,1.0
28 SET 2020,80+,28.0,3.0
29 SET 2020,0-9,37.0,0.0
29 SET 2020,10-19,46.0,0.0
29 SET 2020,20-29,131.0,0.0
29 SET 2020,30-39,115.0,0.0
29 SET 2020,40-49,104.0,0.0
29 SET 2020,50-59,79.0,0.0
29 SET 2020,60-69,63.0,0.0
29 SET 2020,70-79,49.0,1.0
29 SET 2020,80+,65.0,5.0
30 SET 2020,0-9,54.0,0.0
30 SET 2020,10-19,84.0,0.0
30 SET 2020,20-29,128.0,0.0
30 SET 2020,30-39,132.0,0.0
30 SET 2020,40-49,126.0,0.0
30 SET 2020,50-59,115.0,0.0
30 SET 2020,60-69,72.0,1.0
30 SET 2020,70-79,57.0,0.0
30 SET 2020,80+,57.0,7.0
01 OUT 2020,0-9,53.0,0.0
01 OUT 2020,10-19,85.0,0.0
01 OUT 2020,20-29,126.0,0.0
01 OUT 2020,30-39,120.0,0.0
01 OUT 2020,40-49,147.0,0.0
01 OUT 2020,50-59,108.0,1.0
01 OUT 2020,60-69,80.0,0.0
01 OUT 2020,70-79,55.0,2.0
01 OUT 2020,80+,73.0,3.0
02 OUT 2020,0-9,51.0,0.0
02 OUT 2020,10-19,85.0,0.0
02 OUT 2020,20-29,135.0,0.0
02 OUT 2020,30-39,132.0,0.0
02 OUT 2020,40-49,144.0,0.0
02 OUT 2020,50-59,122.0,0.0
02 OUT 2020,60-69,84.0,0.0
02 OUT 2020,70-79,58.0,2.0
02 OUT 2020,80+,76.0,4.0
03 OUT 2020,0-9,60.0,0.0
03 OUT 2020,10-19,75.0,0.0
03 OUT 2020,20-29,170.0,0.0
03 OUT 2020,30-39,153.0,0.0
03 OUT 2020,40-49,141.0,0.0
03 OUT 2020,50-59,123.0,1.0
03 OUT 2020,60-69,91.0,0.0
03 OUT 2020,70-79,66.0,4.0
03 OUT 2020,80+,78.0,7.0
04 OUT 2020,0-9,65.0,0.0
04 OUT 2020,10-19,89.0,0.0
04 OUT 2020,20-29,125.0,0.0
04 OUT 2020,30-39,124.0,0.0
04 OUT 2020,40-49,138.0,0.0
04 OUT 2020,50-59,136.0,1.0
04 OUT 2020,60-69,82.0,2.0
04 OUT 2020,70-79,58.0,2.0
04 OUT 2020,80+,92.0,5.0
05 OUT 2020,0-9,36.0,0.0
05 OUT 2020,10-19,48.0,0.0
05 OUT 2020,20-29,118.0,0.0
05 OUT 2020,30-39,111.0,0.0
05 OUT 2020,40-49,131.0,0.0
05 OUT 2020,50-59,107.0,0.0
05 OUT 2020,60-69,82.0,
05 OUT 2020,70-79,46.0,
05 OUT 2020,80+,54.0,
06 OUT 2020,0-9,14.0,0.0
06 OUT 2020,10-19,24.0,0.0
06 OUT 2020,20-29,87.0,0.0
06 OUT 2020,30-39,69.0,0.0
06 OUT 2020,40-49,78.0,0.0
06 OUT 2020,50-59,61.0,0.0
06 OUT 2020,60-69,38.0,
06 OUT 2020,70-79,28.0,
06 OUT 2020,80+,28.0,
07 OUT 2020,0-9,47.0,0.0
07 OUT 2020,10-19,62.0,0.0
07 OUT 2020,20-29,168.0,0.0
07 OUT 2020,30-39,151.0,1.0
07 OUT 2020,40-49,162.0,0.0
07 OUT 2020,50-59,120.0,1.0
07 OUT 2020,60-69,107.0,0.0
07 OUT 2020,70-79,73.0,0.0
07 OUT 2020,80+,54.0,6.0
08 OUT 2020,0-9,76.0,0.0
08 OUT 2020,10-19,112.0,0.0
08 OUT 2020,20-29,219.0,0.0
08 OUT 2020,30-39,210.0,0.0
08 OUT 2020,40-49,219.0,0.0
08 OUT 2020,50-59,176.0,0.0
08 OUT 2020,60-69,124.0,0.0
08 OUT 2020,70-79,61.0,1.0
08 OUT 2020,80+,81.0,9.0
09 OUT 2020,0-9,58.0,0.0
09 OUT 2020,10-19,130.0,0.0
09 OUT 2020,20-29,275.0,0.0
09 OUT 2020,30-39,212.0,0.0
09 OUT 2020,40-49,267.0,0.0
09 OUT 2020,50-59,196.0,0.0
09 OUT 2020,60-69,130.0,1.0
09 OUT 2020,70-79,62.0,0.0
09 OUT 2020,80+,63.0,11.0
10 OUT 2020,0-9,58.0,0.0
10 OUT 2020,10-19,190.0,0.0
10 OUT 2020,20-29,316.0,0.0
10 OUT 2020,30-39,273.0,0.0
10 OUT 2020,40-49,250.0,0.0
10 OUT 2020,50-59,231.0,1.0
10 OUT 2020,60-69,158.0,0.0
10 OUT 2020,70-79,98.0,1.0
10 OUT 2020,80+,88.0,3.0
11 OUT 2020,0-9,31.0,0.0
11 OUT 2020,10-19,97.0,0.0
11 OUT 2020,20-29,224.0,0.0
11 OUT 2020,30-39,171.0,0.0
11 OUT 2020,40-49,150.0,0.0
11 OUT 2020,50-59,153.0,1.0
11 OUT 2020,60-69,91.0,0.0
11 OUT 2020,70-79,76.0,1.0
11 OUT 2020,80+,96.0,11.0
12 OUT 2020,0-9,64.0,0.0
12 OUT 2020,10-19,114.0,0.0
12 OUT 2020,20-29,276.0,0.0
12 OUT 2020,30-39,198.0,0.0
12 OUT 2020,40-49,182.0,0.0
12 OUT 2020,50-59,145.0,0.0
12 OUT 2020,60-69,100.0,0.0
12 OUT 2020,70-79,78.0,5.0
12 OUT 2020,80+,92.0,9.0
13 OUT 2020,0-9,53.0,0.0
13 OUT 2020,10-19,81.0,0.0
13 OUT 2020,20-29,218.0,0.0
13 OUT 2020,30-39,191.0,0.0
13 OUT 2020,40-49,202.0,0.0
13 OUT 2020,50-59,181.0,0.0
13 OUT 2020,60-69,121.0,1.0
13 OUT 2020,70-79,83.0,4.0
13 OUT 2020,80+,79.0,11.0
14 OUT 2020,0-9,94.0,0.0
14 OUT 2020,10-19,200.0,0.0
14 OUT 2020,20-29,384.0,0.0
14 OUT 2020,30-39,316.0,0.0
14 OUT 2020,40-49,346.0,0.0
14 OUT 2020,50-59,295.0,0.0
14 OUT 2020,60-69,194.0,1.0
14 OUT 2020,70-79,118.0,1.0
14 OUT 2020,80+,127.0,5.0
15 OUT 2020,0-9,83.0,0.0
15 OUT 2020,10-19,190.0,0.0
15 OUT 2020,20-29,449.0,0.0
15 OUT 2020,30-39,342.0,0.0
15 OUT 2020,40-49,366.0,1.0
15 OUT 2020,50-59,282.0,1.0
15 OUT 2020,60-69,171.0,0.0
15 OUT 2020,70-79,101.0,1.0
15 OUT 2020,80+,120.0,8.0
16 OUT 2020,0-9,94.0,0.0
16 OUT 2020,10-19,198.0,0.0
16 OUT 2020,20-29,473.0,0.0
16 OUT 2020,30-39,418.0,0.0
16 OUT 2020,40-49,425.0,1.0
16 OUT 2020,50-59,363.0,0.0
16 OUT 2020,60-69,239.0,3.0
16 OUT 2020,70-79,151.0,4.0
16 OUT 2020,80+,263.0,13.0
17 OUT 2020,0-9,79.0,0.0
17 OUT 2020,10-19,184.0,0.0
17 OUT 2020,20-29,411.0,0.0
17 OUT 2020,30-39,362.0,0.0
17 OUT 2020,40-49,356.0,0.0
17 OUT 2020,50-59,301.0,1.0
17 OUT 2020,60-69,218.0,1.0
17 OUT 2020,70-79,110.0,4.0
17 OUT 2020,80+,130.0,7.0
18 OUT 2020,0-9,77.0,0.0
18 OUT 2020,10-19,188.0,0.0
18 OUT 2020,20-29,316.0,0.0
18 OUT 2020,30-39,283.0,0.0
18 OUT 2020,40-49,345.0,0.0
18 OUT 2020,50-59,270.0,0.0
18 OUT 2020,60-69,185.0,5.0
18 OUT 2020,70-79,120.0,6.0
18 OUT 2020,80+,72.0,8.0
19 OUT 2020,0-9,89.0,0.0
19 OUT 2020,10-19,184.0,0.0
19 OUT 2020,20-29,360.0,0.0
19 OUT 2020,30-39,298.0,0.0
19 OUT 2020,40-49,343.0,0.0
19 OUT 2020,50-59,305.0,0.0
19 OUT 2020,60-69,196.0,2.0
19 OUT 2020,70-79,102.0,3.0
19 OUT 2020,80+,81.0,12.0
20 OUT 2020,0-9,68.0,0.0
20 OUT 2020,10-19,164.0,0.0
20 OUT 2020,20-29,338.0,0.0
20 OUT 2020,30-39,305.0,0.0
20 OUT 2020,40-49,319.0,0.0
20 OUT 2020,50-59,268.0,0.0
20 OUT 2020,60-69,173.0,1.0
20 OUT 2020,70-79,118.0,4.0
20 OUT 2020,80+,122.0,10.0
21 OUT 2020,0-9,105.0,0.0
21 OUT 2020,10-19,219.0,0.0
21 OUT 2020,20-29,444.0,0.0
21 OUT 2020,30-39,409.0,0.0
21 OUT 2020,40-49,461.0,0.0
21 OUT 2020,50-59,373.0,0.0
21 OUT 2020,60-69,248.0,1.0
21 OUT 2020,70-79,148.0,4.0
21 OUT 2020,80+,126.0,11.0
22 OUT 2020,0-9,143.0,0.0
22 OUT 2020,10-19,299.0,0.0
22 OUT 2020,20-29,576.0,0.0
22 OUT 2020,30-39,486.0,0.0
22 OUT 2020,40-49,556.0,0.0
22 OUT 2020,50-59,487.0,0.0
22 OUT 2020,60-69,282.0,4.0
22 OUT 2020,70-79,208.0,3.0
22 OUT 2020,80+,233.0,9.0
23 OUT 2020,0-9,100.0,0.0
23 OUT 2020,10-19,242.0,0.0
23 OUT 2020,20-29,583.0,0.0
23 OUT 2020,30-39,431.0,0.0
23 OUT 2020,40-49,470.0,0.0
23 OUT 2020,50-59,401.0,0.0
23 OUT 2020,60-69,293.0,3.0
23 OUT 2020,70-79,160.0,4.0
23 OUT 2020,80+,213.0,24.0
24 OUT 2020,0-9,131.0,0.0
24 OUT 2020,10-19,381.0,0.0
24 OUT 2020,20-29,645.0,0.0
24 OUT 2020,30-39,559.0,0.0
24 OUT 2020,40-49,640.0,0.0
24 OUT 2020,50-59,512.0,3.0
24 OUT 2020,60-69,324.0,4.0
24 OUT 2020,70-79,200.0,1.0
24 OUT 2020,80+,263.0,13.0
25 OUT 2020,0-9,104.0,0.0
25 OUT 2020,10-19,227.0,0.0
25 OUT 2020,20-29,492.0,1.0
25 OUT 2020,30-39,404.0,0.0
25 OUT 2020,40-49,437.0,0.0
25 OUT 2020,50-59,386.0,0.0
25 OUT 2020,60-69,236.0,0.0
25 OUT 2020,70-79,135.0,2.0
25 OUT 2020,80+,150.0,16.0
26 OUT 2020,0-9,102.0,0.0
26 OUT 2020,10-19,229.0,0.0
26 OUT 2020,20-29,416.0,0.0
26 OUT 2020,30-39,408.0,0.0
26 OUT 2020,40-49,430.0,0.0
26 OUT 2020,50-59,394.0,1.0
26 OUT 2020,60-69,218.0,2.0
26 OUT 2020,70-79,141.0,9.0
26 OUT 2020,80+,108.0,15.0
27 OUT 2020,0-9,121.0,0.0
27 OUT 2020,10-19,286.0,0.0
27 OUT 2020,20-29,620.0,0.0
27 OUT 2020,30-39,504.0,0.0
27 OUT 2020,40-49,553.0,0.0
27 OUT 2020,50-59,498.0,1.0
27 OUT 2020,60-69,287.0,1.0
27 OUT 2020,70-79,200.0,7.0
27 OUT 2020,80+,230.0,19.0
28 OUT 2020,0-9,145.0,0.0
28 OUT 2020,10-19,361.0,0.0
28 OUT 2020,20-29,645.0,0.0
28 OUT 2020,30-39,659.0,0.0
28 OUT 2020,40-49,657.0,0.0
28 OUT 2020,50-59,579.0,1.0
28 OUT 2020,60-69,368.0,5.0
28 OUT 2020,70-79,233.0,3.0
28 OUT 2020,80+,312.0,15.0
29 OUT 2020,0-9,,0.0
29 OUT 2020,10-19,,0.0
29 OUT 2020,20-29,,0.0
29 OUT 2020,30-39,,0.0
29 OUT 2020,40-49,,0.0
29 OUT 2020,50-59,,0.0
29 OUT 2020,60-69,,0.0
29 OUT 2020,70-79,,0.0
29 OUT 2020,80+,,0.0
30 OUT 2020,0-9,,0.0
30 OUT 2020,10-19,,0.0
30 OUT 2020,20-29,,0.0
30 OUT 2020,30-39,,0.0
30 OUT 2020,40-49,,0.0
30 OUT 2020,50-59,,2.0
30 OUT 2020,60-69,,7.0
30 OUT 2020,70-79,,21.0
30 OUT 2020,80+,,43.0
31 OUT 2020,0-9,164.0,0.0
31 OUT 2020,10-19,389.0,0.0
31 OUT 2020,20-29,667.0,0.0
31 OUT 2020,30-39,610.0,0.0
31 OUT 2020,40-49,680.0,0.0
31 OUT 2020,50-59,553.0,0.0
31 OUT 2020,60-69,382.0,4.0
31 OUT 2020,70-79,239.0,5.0
31 OUT 2020,80+,323.0,30.0
01 NOV 2020,0-9,153.0,0.0
01 NOV 2020,10-19,284.0,0.0
01 NOV 2020,20-29,485.0,0.0
01 NOV 2020,30-39,42.0,0.0
01 NOV 2020,40-49,513.0,0.0
01 NOV 2020,50-59,467.0,2.0
01 NOV 2020,60-69,328.0,2.0
01 NOV 2020,70-79,195.0,9.0
01 NOV 2020,80+,235.0,24.0
02 NOV 2020,0-9,127.0,0.0
02 NOV 2020,10-19,206.0,0.0
02 NOV 2020,20-29,390.0,0.0
02 NOV 2020,30-39,740.0,0.0
02 NOV 2020,40-49,393.0,0.0
02 NOV 2020,50-59,336.0,1.0
02 NOV 2020,60-69,261.0,1.0
02 NOV 2020,70-79,166.0,7.0
02 NOV 2020,80+,247.0,37.0
03 NOV 2020,0-9,129.0,0.0
03 NOV 2020,10-19,239.0,0.0
03 NOV 2020,20-29,382.0,0.0
03 NOV 2020,30-39,384.0,0.0
03 NOV 2020,40-49,446.0,0.0
03 NOV 2020,50-59,372.0,0.0
03 NOV 2020,60-69,251.0,3.0
03 NOV 2020,70-79,187.0,8.0
03 NOV 2020,80+,206.0,34.0
04 NOV 2020,0-9,315.0,0.0
04 NOV 2020,10-19,766.0,0.0
04 NOV 2020,20-29,1307.0,0.0
04 NOV 2020,30-39,1243.0,0.0
04 NOV 2020,40-49,1354.0,1.0
04 NOV 2020,50-59,1175.0,2.0
04 NOV 2020,60-69,648.0,5.0
04 NOV 2020,70-79,350.0,14.0
04 NOV 2020,80+,338.0,37.0
05 NOV 2020,0-9,187.0,0.0
05 NOV 2020,10-19,457.0,0.0
05 NOV 2020,20-29,666.0,0.0
05 NOV 2020,30-39,696.0,0.0
05 NOV 2020,40-49,779.0,1.0
05 NOV 2020,50-59,682.0,2.0
05 NOV 2020,60-69,382.0,4.0
05 NOV 2020,70-79,260.0,8.0
05 NOV 2020,80+,298.0,31.0
06 NOV 2020,0-9,325.0,0.0
06 NOV 2020,10-19,595.0,0.0
06 NOV 2020,20-29,893.0,0.0
06 NOV 2020,30-39,832.0,0.0
06 NOV 2020,40-49,909.0,0.0
06 NOV 2020,50-59,825.0,2.0
06 NOV 2020,60-69,510.0,4.0
06 NOV 2020,70-79,305.0,10.0
06 NOV 2020,80+,269.0,36.0
07 NOV 2020,0-9,332.0,0.0
07 NOV 2020,10-19,730.0,0.0
07 NOV 2020,20-29,1064.0,0.0
07 NOV 2020,30-39,954.0,0.0
07 NOV 2020,40-49,1112.0,0.0
07 NOV 2020,50-59,1075.0,2.0
07 NOV 2020,60-69,564.0,4.0
07 NOV 2020,70-79,368.0,10.0
07 NOV 2020,80+,464.0,40.0
08 NOV 2020,0-9,322.0,0.0
08 NOV 2020,10-19,589.0,0.0
08 NOV 2020,20-29,921.0,0.0
08 NOV 2020,30-39,836.0,0.0
08 NOV 2020,40-49,1033.0,0.0
08 NOV 2020,50-59,934.0,3.0
08 NOV 2020,60-69,509.0,5.0
08 NOV 2020,70-79,296.0,13.0
08 NOV 2020,80+,346.0,27.0
09 NOV 2020,0-9,254.0,0.0
09 NOV 2020,10-19,423.0,0.0
09 NOV 2020,20-29,597.0,0.0
09 NOV 2020,30-39,610.0,0.0
09 NOV 2020,40-49,681.0,1.0
09 NOV 2020,50-59,580.0,3.0
09 NOV 2020,60-69,371.0,5.0
09 NOV 2020,70-79,261.0,7.0
09 NOV 2020,80+,312.0,47.0
10 NOV 2020,0-9,217.0,0.0
10 NOV 2020,10-19,353.0,0.0
10 NOV 2020,20-29,594.0,0.0
10 NOV 2020,30-39,515.0,0.0
10 NOV 2020,40-49,637.0,2.0
10 NOV 2020,50-59,564.0,1.0
10 NOV 2020,60-69,393.0,7.0
10 NOV 2020,70-79,259.0,13.0
10 NOV 2020,80+,288.0,39.0
11 NOV 2020,0-9,267.0,0.0
11 NOV 2020,10-19,487.0,0.0
11 NOV 2020,20-29,744.0,0.0
11 NOV 2020,30-39,772.0,0.0
11 NOV 2020,40-49,888.0,0.0
11 NOV 2020,50-59,711.0,1.0
11 NOV 2020,60-69,465.0,1.0
11 NOV 2020,70-79,294.0,15.0
11 NOV 2020,80+,307.0,65.0
12 NOV 2020,0-9,327.0,0.0
12 NOV 2020,10-19,640.0,0.0
12 NOV 2020,20-29,854.0,0.0
12 NOV 2020,30-39,881.0,1.0
12 NOV 2020,40-49,992.0,0.0
12 NOV 2020,50-59,873.0,3.0
12 NOV 2020,60-69,504.0,5.0
12 NOV 2020,70-79,392.0,19.0
12 NOV 2020,80+,377.0,50.0
13 NOV 2020,0-9,434.0,0.0
13 NOV 2020,10-19,737.0,0.0
13 NOV 2020,20-29,1050.0,0.0
13 NOV 2020,30-39,938.0,0.0
13 NOV 2020,40-49,1197.0,0.0
13 NOV 2020,50-59,991.0,2.0
13 NOV 2020,60-69,600.0,9.0
13 NOV 2020,70-79,371.0,15.0
13 NOV 2020,80+,345.0,43.0
14 NOV 2020,0-9,419.0,0.0
14 NOV 2020,10-19,752.0,0.0
14 NOV 2020,20-29,1040.0,0.0
14 NOV 2020,30-39,971.0,0.0
14 NOV 2020,40-49,1086.0,0.0
14 NOV 2020,50-59,955.0,0.0
14 NOV 2020,60-69,601.0,2.0
14 NOV 2020,70-79,390.0,8.0
14 NOV 2020,80+,386.0,45.0
15 NOV 2020,0-9,324.0,0.0
15 NOV 2020,10-19,589.0,0.0
15 NOV 2020,20-29,833.0,0.0
15 NOV 2020,30-39,835.0,0.0
15 NOV 2020,40-49,1013.0,1.0
15 NOV 2020,50-59,909.0,1.0
15 NOV 2020,60-69,585.0,7.0
15 NOV 2020,70-79,370.0,18.0
15 NOV 2020,80+,577.0,49.0
16 NOV 2020,0-9,503.0,0.0
16 NOV 2020,10-19,685.0,0.0
16 NOV 2020,20-29,102.0,0.0
16 NOV 2020,30-39,515.0,0.0
16 NOV 2020,40-49,784.0,0.0
16 NOV 2020,50-59,701.0,4.0
16 NOV 2020,60-69,436.0,8.0
16 NOV 2020,70-79,265.0,17.0
16 NOV 2020,80+,207.0,62.0
17 NOV 2020,0-9,281.0,0.0
17 NOV 2020,10-19,433.0,0.0
17 NOV 2020,20-29,612.0,0.0
17 NOV 2020,30-39,589.0,0.0
17 NOV 2020,40-49,696.0,0.0
17 NOV 2020,50-59,647.0,2.0
17 NOV 2020,60-69,477.0,3.0
17 NOV 2020,70-79,264.0,21.0
17 NOV 2020,80+,379.0,55.0
18 NOV 2020,0-9,328.0,0.0
18 NOV 2020,10-19,573.0,0.0
18 NOV 2020,20-29,832.0,0.0
18 NOV 2020,30-39,837.0,0.0
18 NOV 2020,40-49,1002.0,2.0
18 NOV 2020,50-59,919.0,0.0
18 NOV 2020,60-69,566.0,6.0
18 NOV 2020,70-79,338.0,9.0
18 NOV 2020,80+,419.0,62.0
19 NOV 2020,0-9,442.0,0.0
19 NOV 2020,10-19,802.0,0.0
19 NOV 2020,20-29,963.0,0.0
19 NOV 2020,30-39,998.0,0.0
19 NOV 2020,40-49,1214.0,2.0
19 NOV 2020,50-59,1078.0,2.0
19 NOV 2020,60-69,689.0,6.0
19 NOV 2020,70-79,413.0,16.0
19 NOV 2020,80+,338.0,43.0
20 NOV 2020,0-9,393.0,0.0
20 NOV 2020,10-19,723.0,0.0
20 NOV 2020,20-29,940.0,0.0
20 NOV 2020,30-39,946.0,0.0
20 NOV 2020,40-49,1089.0,1.0
20 NOV 2020,50-59,921.0,4.0
20 NOV 2020,60-69,640.0,4.0
20 NOV 2020,70-79,369.0,15.0
20 NOV 2020,80+,406.0,37.0
21 NOV 2020,0-9,449.0,0.0
21 NOV 2020,10-19,692.0,0.0
21 NOV 2020,20-29,911.0,1.0
21 NOV 2020,30-39,858.0,0.0
21 NOV 2020,40-49,1040.0,1.0
21 NOV 2020,50-59,1012.0,1.0
21 NOV 2020,60-69,642.0,5.0
21 NOV 2020,70-79,402.0,13.0
21 NOV 2020,80+,425.0,41.0
22 NOV 2020,0-9,302.0,0.0
22 NOV 2020,10-19,459.0,0.0
22 NOV 2020,20-29,619.0,0.0
22 NOV 2020,30-39,671.0,0.0
22 NOV 2020,40-49,805.0,0.0
22 NOV 2020,50-59,711.0,1.0
22 NOV 2020,60-69,496.0,8.0
22 NOV 2020,70-79,317.0,13.0
22 NOV 2020,80+,360.0,51.0
23 NOV 2020,0-9,237.0,0.0
23 NOV 2020,10-19,424.0,0.0
23 NOV 2020,20-29,386.0,0.0
23 NOV 2020,30-39,585.0,0.0
23 NOV 2020,40-49,678.0,0.0
23 NOV 2020,50-59,594.0,4.0
23 NOV 2020,60-69,388.0,3.0
23 NOV 2020,70-79,226.0,21.0
23 NOV 2020,80+,293.0,46.0
24 NOV 2020,0-9,248.0,0.0
24 NOV 2020,10-19,372.0,0.0
24 NOV 2020,20-29,685.0,0.0
24 NOV 2020,30-39,600.0,0.0
24 NOV 2020,40-49,692.0,0.0
24 NOV 2020,50-59,586.0,1.0
24 NOV 2020,60-69,370.0,10.0
24 NOV 2020,70-79,254.0,12.0
24 NOV 2020,80+,245.0,62.0
25 NOV 2020,0-9,305.0,0.0
25 NOV 2020,10-19,884.0,0.0
25 NOV 2020,20-29,688.0,0.0
25 NOV 2020,30-39,720.0,0.0
25 NOV 2020,40-49,887.0,0.0
25 NOV 2020,50-59,814.0,3.0
25 NOV 2020,60-69,563.0,7.0
25 NOV 2020,70-79,349.0,18.0
25 NOV 2020,80+,384.0,43.0
26 NOV 2020,0-9,420.0,0.0
26 NOV 2020,10-19,324.0,0.0
26 NOV 2020,20-29,900.0,0.0
26 NOV 2020,30-39,908.0,0.0
26 NOV 2020,40-49,1066.0,2.0
26 NOV 2020,50-59,903.0,1.0
26 NOV 2020,60-69,662.0,4.0
26 NOV 2020,70-79,370.0,25.0
26 NOV 2020,80+,407.0,50.0
27 NOV 2020,0-9,322.0,0.0
27 NOV 2020,10-19,579.0,0.0
27 NOV 2020,20-29,756.0,0.0
27 NOV 2020,30-39,756.0,0.0
27 NOV 2020,40-49,910.0,0.0
27 NOV 2020,50-59,723.0,2.0
27 NOV 2020,60-69,529.0,4.0
27 NOV 2020,70-79,345.0,15.0
27 NOV 2020,80+,393.0,46.0
28 NOV 2020,0-9,315.0,0.0
28 NOV 2020,10-19,494.0,0.0
28 NOV 2020,20-29,650.0,0.0
28 NOV 2020,30-39,664.0,0.0
28 NOV 2020,40-49,766.0,2.0
28 NOV 2020,50-59,776.0,3.0
28 NOV 2020,60-69,489.0,10.0
28 NOV 2020,70-79,280.0,24.0
28 NOV 2020,80+,474.0,48.0
29 NOV 2020,0-9,286.0,0.0
29 NOV 2020,10-19,430.0,0.0
29 NOV 2020,20-29,568.0,0.0
29 NOV 2020,30-39,570.0,0.0
29 NOV 2020,40-49,644.0,1.0
29 NOV 2020,50-59,586.0,3.0
29 NOV 2020,60-69,403.0,5.0
29 NOV 2020,70-79,288.0,11.0
29 NOV 2020,80+,291.0,44.0
30 NOV 2020,0-9,216.0,0.0
30 NOV 2020,10-19,338.0,0.0
30 NOV 2020,20-29,419.0,0.0
30 NOV 2020,30-39,402.0,1.0
30 NOV 2020,40-49,524.0,0.0
30 NOV 2020,50-59,439.0,3.0
30 NOV 2020,60-69,324.0,9.0
30 NOV 2020,70-79,239.0,19.0
30 NOV 2020,80+,320.0,46.0
01 DEZ 2020,0-9,119.0,0.0
01 DEZ 2020,10-19,244.0,0.0
01 DEZ 2020,20-29,273.0,1.0
01 DEZ 2020,30-39,317.0,1.0
01 DEZ 2020,40-49,386.0,1.0
01 DEZ 2020,50-59,361.0,1.0
01 DEZ 2020,60-69,268.0,5.0
01 DEZ 2020,70-79,177.0,15.0
01 DEZ 2020,80+,234.0,48.0
02 DEZ 2020,0-9,228.0,0.0
02 DEZ 2020,10-19,344.0,0.0
02 DEZ 2020,20-29,464.0,0.0
02 DEZ 2020,30-39,473.0,0.0
02 DEZ 2020,40-49,623.0,2.0
02 DEZ 2020,50-59,482.0,0.0
02 DEZ 2020,60-69,302.0,4.0
02 DEZ 2020,70-79,191.0,18.0
02 DEZ 2020,80+,255.0,44.0
03 DEZ 2020,0-9,206.0,0.0
03 DEZ 2020,10-19,332.0,0.0
03 DEZ 2020,20-29,499.0,0.0
03 DEZ 2020,30-39,506.0,0.0
03 DEZ 2020,40-49,619.0,0.0
03 DEZ 2020,50-59,558.0,3.0
03 DEZ 2020,60-69,285.0,7.0
03 DEZ 2020,70-79,284.0,17.0
03 DEZ 2020,80+,360.0,52.0
04 DEZ 2020,0-9,300.0,0.0
04 DEZ 2020,10-19,509.0,0.0
04 DEZ 2020,20-29,641.0,0.0
04 DEZ 2020,30-39,713.0,0.0
04 DEZ 2020,40-49,869.0,0.0
04 DEZ 2020,50-59,704.0,1.0
04 DEZ 2020,60-69,545.0,4.0
04 DEZ 2020,70-79,311.0,15.0
04 DEZ 2020,80+,392.0,59.0
05 DEZ 2020,0-9,311.0,0.0
05 DEZ 2020,10-19,565.0,0.0
05 DEZ 2020,20-29,845.0,0.0
05 DEZ 2020,30-39,788.0,0.0
05 DEZ 2020,40-49,830.0,0.0
05 DEZ 2020,50-59,713.0,0.0
05 DEZ 2020,60-69,484.0,15.0
05 DEZ 2020,70-79,318.0,19.0
05 DEZ 2020,80+,418.0,39.0
06 DEZ 2020,0-9,275.0,0.0
06 DEZ 2020,10-19,374.0,0.0
06 DEZ 2020,20-29,445.0,0.0
06 DEZ 2020,30-39,479.0,0.0
06 DEZ 2020,40-49,645.0,1.0
06 DEZ 2020,50-59,517.0,3.0
06 DEZ 2020,60-69,355.0,6.0
06 DEZ 2020,70-79,273.0,14.0
06 DEZ 2020,80+,429.0,63.0
07 DEZ 2020,0-9,155.0,0.0
07 DEZ 2020,10-19,222.0,0.0
07 DEZ 2020,20-29,322.0,0.0
07 DEZ 2020,30-39,335.0,1.0
07 DEZ 2020,40-49,437.0,0.0
07 DEZ 2020,50-59,345.0,2.0
07 DEZ 2020,60-69,249.0,6.0
07 DEZ 2020,70-79,214.0,12.0
07 DEZ 2020,80+,300.0,57.0
08 DEZ 2020,0-9,148.0,0.0
08 DEZ 2020,10-19,214.0,0.0
08 DEZ 2020,20-29,405.0,0.0
08 DEZ 2020,30-39,379.0,0.0
08 DEZ 2020,40-49,404.0,0.0
08 DEZ 2020,50-59,443.0,1.0
08 DEZ 2020,60-69,312.0,10.0
08 DEZ 2020,70-79,205.0,13.0
08 DEZ 2020,80+,362.0,57.0
09 DEZ 2020,0-9,244.0,0.0
09 DEZ 2020,10-19,394.0,0.0
09 DEZ 2020,20-29,521.0,0.0
09 DEZ 2020,30-39,587.0,0.0
09 DEZ 2020,40-49,637.0,0.0
09 DEZ 2020,50-59,600.0,0.0
09 DEZ 2020,60-69,395.0,6.0
09 DEZ 2020,70-79,288.0,14.0
09 DEZ 2020,80+,412.0,50.0
10 DEZ 2020,0-9,476.0,0.0
10 DEZ 2020,10-19,602.0,0.0
10 DEZ 2020,20-29,2009.0,0.0
10 DEZ 2020,30-39,1482.0,0.0
10 DEZ 2020,40-49,1448.0,0.0
10 DEZ 2020,50-59,1118.0,2.0
10 DEZ 2020,60-69,754.0,4.0
10 DEZ 2020,70-79,491.0,17.0
10 DEZ 2020,80+,825.0,63.0
11 DEZ 2020,0-9,277.0,0.0
11 DEZ 2020,10-19,513.0,0.0
11 DEZ 2020,20-29,712.0,0.0
11 DEZ 2020,30-39,703.0,0.0
11 DEZ 2020,40-49,813.0,0.0
11 DEZ 2020,50-59,728.0,0.0
11 DEZ 2020,60-69,511.0,6.0
11 DEZ 2020,70-79,348.0,19.0
11 DEZ 2020,80+,474.0,70.0
12 DEZ 2020,0-9,240.0,0.0
12 DEZ 2020,10-19,426.0,1.0
12 DEZ 2020,20-29,680.0,0.0
12 DEZ 2020,30-39,654.0,0.0
12 DEZ 2020,40-49,678.0,0.0
12 DEZ 2020,50-59,648.0,3.0
12 DEZ 2020,60-69,413.0,6.0
12 DEZ 2020,70-79,273.0,21.0
12 DEZ 2020,80+,402.0,57.0
13 DEZ 2020,0-9,217.0,0.0
13 DEZ 2020,10-19,441.0,0.0
13 DEZ 2020,20-29,590.0,0.0
13 DEZ 2020,30-39,564.0,2.0
13 DEZ 2020,40-49,615.0,0.0
13 DEZ 2020,50-59,592.0,0.0
13 DEZ 2020,60-69,392.0,4.0
13 DEZ 2020,70-79,310.0,17.0
13 DEZ 2020,80+,323.0,75.0
14 DEZ 2020,0-9,122.0,0.0
14 DEZ 2020,10-19,208.0,0.0
14 DEZ 2020,20-29,282.0,0.0
14 DEZ 2020,30-39,323.0,1.0
14 DEZ 2020,40-49,318.0,3.0
14 DEZ 2020,50-59,316.0,1.0
14 DEZ 2020,60-69,217.0,6.0
14 DEZ 2020,70-79,160.0,16.0
14 DEZ 2020,80+,248.0,63.0
15 DEZ 2020,0-9,138.0,0.0
15 DEZ 2020,10-19,186.0,0.0
15 DEZ 2020,20-29,414.0,0.0
15 DEZ 2020,30-39,374.0,0.0
15 DEZ 2020,40-49,409.0,0.0
15 DEZ 2020,50-59,384.0,1.0
15 DEZ 2020,60-69,281.0,6.0
15 DEZ 2020,70-79,184.0,20.0
15 DEZ 2020,80+,271.0,57.0
16 DEZ 2020,0-9,272.0,0.0
16 DEZ 2020,10-19,443.0,0.0
16 DEZ 2020,20-29,696.0,0.0
16 DEZ 2020,30-39,607.0,0.0
16 DEZ 2020,40-49,781.0,3.0
16 DEZ 2020,50-59,680.0,4.0
16 DEZ 2020,60-69,514.0,6.0
16 DEZ 2020,70-79,356.0,18.0
16 DEZ 2020,80+,371.0,51.0
17 DEZ 2020,0-9,244.0,0.0
17 DEZ 2020,10-19,409.0,0.0
17 DEZ 2020,20-29,623.0,0.0
17 DEZ 2020,30-39,567.0,0.0
17 DEZ 2020,40-49,667.0,1.0
17 DEZ 2020,50-59,618.0,1.0
17 DEZ 2020,60-69,448.0,6.0
17 DEZ 2020,70-79,296.0,13.0
17 DEZ 2020,80+,446.0,66.0
18 DEZ 2020,0-9,268.0,0.0
18 DEZ 2020,10-19,408.0,1.0
18 DEZ 2020,20-29,576.0,0.0
18 DEZ 2020,30-39,574.0,0.0
18 DEZ 2020,40-49,619.0,1.0
18 DEZ 2020,50-59,672.0,1.0
18 DEZ 2020,60-69,484.0,6.0
18 DEZ 2020,70-79,326.0,19.0
18 DEZ 2020,80+,409.0,47.0
19 DEZ 2020,0-9,236.0,0.0
19 DEZ 2020,10-19,349.0,0.0
19 DEZ 2020,20-29,523.0,0.0
19 DEZ 2020,30-39,557.0,0.0
19 DEZ 2020,40-49,571.0,1.0
19 DEZ 2020,50-59,565.0,1.0
19 DEZ 2020,60-69,377.0,12.0
19 DEZ 2020,70-79,275.0,17.0
19 DEZ 2020,80+,378.0,55.0
20 DEZ 2020,0-9,215.0,0.0
20 DEZ 2020,10-19,303.0,0.0
20 DEZ 2020,20-29,434.0,0.0
20 DEZ 2020,30-39,464.0,0.0
20 DEZ 2020,40-49,544.0,0.0
20 DEZ 2020,50-59,491.0,0.0
20 DEZ 2020,60-69,333.0,6.0
20 DEZ 2020,70-79,216.0,16.0
20 DEZ 2020,80+,334.0,49.0
21 DEZ 2020,0-9,110.0,0.0
21 DEZ 2020,10-19,201.0,0.0
21 DEZ 2020,20-29,279.0,0.0
21 DEZ 2020,30-39,287.0,0.0
21 DEZ 2020,40-49,324.0,0.0
21 DEZ 2020,50-59,305.0,2.0
21 DEZ 2020,60-69,229.0,1.0
21 DEZ 2020,70-79,154.0,9.0
21 DEZ 2020,80+,209.0,45.0
22 DEZ 2020,0-9,110.0,0.0
22 DEZ 2020,10-19,196.0,0.0
22 DEZ 2020,20-29,326.0,0.0
22 DEZ 2020,30-39,340.0,0.0
22 DEZ 2020,40-49,415.0,2.0
22 DEZ 2020,50-59,375.0,2.0
22 DEZ 2020,60-69,287.0,2.0
22 DEZ 2020,70-79,160.0,13.0
22 DEZ 2020,80+,227.0,44.0
23 DEZ 2020,0-9,255.0,0.0
23 DEZ 2020,10-19,388.0,0.0
23 DEZ 2020,20-29,609.0,0.0
23 DEZ 2020,30-39,640.0,0.0
23 DEZ 2020,40-49,771.0,0.0
23 DEZ 2020,50-59,698.0,2.0
23 DEZ 2020,60-69,463.0,3.0
23 DEZ 2020,70-79,337.0,22.0
23 DEZ 2020,80+,441.0,62.0
24 DEZ 2020,0-9,259.0,0.0
24 DEZ 2020,10-19,373.0,0.0
24 DEZ 2020,20-29,608.0,0.0
24 DEZ 2020,30-39,585.0,0.0
24 DEZ 2020,40-49,713.0,1.0
24 DEZ 2020,50-59,634.0,1.0
24 DEZ 2020,60-69,483.0,6.0
24 DEZ 2020,70-79,335.0,15.0
24 DEZ 2020,80+,387.0,47.0
25 DEZ 2020,0-9,266.0,0.0
25 DEZ 2020,10-19,359.0,0.0
25 DEZ 2020,20-29,536.0,0.0
25 DEZ 2020,30-39,591.0,0.0
25 DEZ 2020,40-49,713.0,0.0
25 DEZ 2020,50-59,607.0,4.0
25 DEZ 2020,60-69,420.0,5.0
25 DEZ 2020,70-79,302.0,11.0
25 DEZ 2020,80+,352.0,45.0
26 DEZ 2020,0-9,60.0,0.0
26 DEZ 2020,10-19,113.0,0.0
26 DEZ 2020,20-29,174.0,0.0
26 DEZ 2020,30-39,153.0,0.0
26 DEZ 2020,40-49,200.0,0.0
26 DEZ 2020,50-59,186.0,2.0
26 DEZ 2020,60-69,143.0,6.0
26 DEZ 2020,70-79,84.0,13.0
26 DEZ 2020,80+,101.0,57.0
27 DEZ 2020,0-9,90.0,0.0
27 DEZ 2020,10-19,129.0,0.0
27 DEZ 2020,20-29,204.0,0.0
27 DEZ 2020,30-39,222.0,0.0
27 DEZ 2020,40-49,290.0,0.0
27 DEZ 2020,50-59,246.0,0.0
27 DEZ 2020,60-69,169.0,6.0
27 DEZ 2020,70-79,109.0,18.0
27 DEZ 2020,80+,118.0,39.0
28 DEZ 2020,0-9,96.0,0.0
28 DEZ 2020,10-19,194.0,0.0
28 DEZ 2020,20-29,305.0,0.0
28 DEZ 2020,30-39,288.0,0.0
28 DEZ 2020,40-49,354.0,0.0
28 DEZ 2020,50-59,319.0,2.0
28 DEZ 2020,60-69,211.0,5.0
28 DEZ 2020,70-79,163.0,9.0
28 DEZ 2020,80+,162.0,42.0
29 DEZ 2020,0-9,156.0,0.0
29 DEZ 2020,10-19,254.0,0.0
29 DEZ 2020,20-29,532.0,1.0
29 DEZ 2020,30-39,498.0,0.0
29 DEZ 2020,40-49,576.0,0.0
29 DEZ 2020,50-59,523.0,3.0
29 DEZ 2020,60-69,383.0,6.0
29 DEZ 2020,70-79,228.0,19.0
29 DEZ 2020,80+,186.0,45.0
30 DEZ 2020,0-9,295.0,0.0
30 DEZ 2020,10-19,570.0,0.0
30 DEZ 2020,20-29,881.0,0.0
30 DEZ 2020,30-39,952.0,0.0
30 DEZ 2020,40-49,1028.0,0.0
30 DEZ 2020,50-59,495.0,1.0
30 DEZ 2020,60-69,574.0,5.0
30 DEZ 2020,70-79,376.0,13.0
30 DEZ 2020,80+,423.0,60.0
31 DEZ 2020,0-9,388.0,0.0
31 DEZ 2020,10-19,699.0,0.0
31 DEZ 2020,20-29,1152.0,0.0
31 DEZ 2020,30-39,1116.0,1.0
31 DEZ 2020,40-49,1271.0,1.0
31 DEZ 2020,50-59,1567.0,4.0
31 DEZ 2020,60-69,711.0,6.0
31 DEZ 2020,70-79,493.0,14.0
31 DEZ 2020,80+,678.0,50.0
01 JAN 2021,0-9,356.0,0.0
01 JAN 2021,10-19,657.0,0.0
01 JAN 2021,20-29,1018.0,0.0
01 JAN 2021,30-39,1056.0,0.0
01 JAN 2021,40-49,1059.0,0.0
01 JAN 2021,50-59,1062.0,1.0
01 JAN 2021,60-69,707.0,8.0
01 JAN 2021,70-79,453.0,16.0
01 JAN 2021,80+,581.0,41.0
02 JAN 2021,0-9,171.0,0.0
02 JAN 2021,10-19,262.0,0.0
02 JAN 2021,20-29,498.0,0.0
02 JAN 2021,30-39,519.0,0.0
02 JAN 2021,40-49,502.0,1.0
02 JAN 2021,50-59,449.0,3.0
02 JAN 2021,60-69,344.0,6.0
02 JAN 2021,70-79,246.0,15.0
02 JAN 2021,80+,251.0,48.0
03 JAN 2021,0-9,171.0,0.0
03 JAN 2021,10-19,267.0,0.0
03 JAN 2021,20-29,472.0,0.0
03 JAN 2021,30-39,454.0,1.0
03 JAN 2021,40-49,539.0,1.0
03 JAN 2021,50-59,533.0,2.0
03 JAN 2021,60-69,346.0,7.0
03 JAN 2021,70-79,267.0,18.0
03 JAN 2021,80+,334.0,44.0
04 JAN 2021,0-9,218.0,0.0
04 JAN 2021,10-19,369.0,0.0
04 JAN 2021,20-29,584.0,0.0
04 JAN 2021,30-39,622.0,0.0
04 JAN 2021,40-49,725.0,1.0
04 JAN 2021,50-59,648.0,4.0
04 JAN 2021,60-69,453.0,8.0
04 JAN 2021,70-79,324.0,12.0
04 JAN 2021,80+,422.0,53.0
05 JAN 2021,0-9,200.0,0.0
05 JAN 2021,10-19,412.0,0.0
05 JAN 2021,20-29,727.0,0.0
05 JAN 2021,30-39,757.0,1.0
05 JAN 2021,40-49,876.0,0.0
05 JAN 2021,50-59,720.0,4.0
05 JAN 2021,60-69,509.0,14.0
05 JAN 2021,70-79,354.0,12.0
05 JAN 2021,80+,398.0,59.0
06 JAN 2021,0-9,487.0,0.0
06 JAN 2021,10-19,987.0,0.0
06 JAN 2021,20-29,1586.0,0.0
06 JAN 2021,30-39,1516.0,0.0
06 JAN 2021,40-49,1616.0,0.0
06 JAN 2021,50-59,1468.0,1.0
06 JAN 2021,60-69,984.0,10.0
06 JAN 2021,70-79,610.0,23.0
06 JAN 2021,80+,771.0,57.0
07 JAN 2021,0-9,472.0,0.0
07 JAN 2021,10-19,998.0,0.0
07 JAN 2021,20-29,1527.0,0.0
07 JAN 2021,30-39,1455.0,0.0
07 JAN 2021,40-49,1619.0,1.0
07 JAN 2021,50-59,1432.0,2.0
07 JAN 2021,60-69,958.0,5.0
07 JAN 2021,70-79,623.0,25.0
07 JAN 2021,80+,841.0,62.0
08 JAN 2021,0-9,515.0,0.0
08 JAN 2021,10-19,1013.0,0.0
08 JAN 2021,20-29,1633.0,0.0
08 JAN 2021,30-39,1491.0,0.0
08 JAN 2021,40-49,1595.0,5.0
08 JAN 2021,50-59,1474.0,4.0
08 JAN 2021,60-69,1036.0,6.0
08 JAN 2021,70-79,636.0,25.0
08 JAN 2021,80+,784.0,78.0
09 JAN 2021,0-9,455.0,0.0
09 JAN 2021,10-19,926.0,0.0
09 JAN 2021,20-29,1425.0,0.0
09 JAN 2021,30-39,1329.0,0.0
09 JAN 2021,40-49,1501.0,2.0
09 JAN 2021,50-59,1318.0,2.0
09 JAN 2021,60-69,992.0,12.0
09 JAN 2021,70-79,657.0,27.0
09 JAN 2021,80+,869.0,68.0
10 JAN 2021,0-9,430.0,0.0
10 JAN 2021,10-19,714.0,0.0
10 JAN 2021,20-29,1111.0,0.0
10 JAN 2021,30-39,1064.0,0.0
10 JAN 2021,40-49,1145.0,1.0
10 JAN 2021,50-59,1091.0,3.0
10 JAN 2021,60-69,779.0,6.0
10 JAN 2021,70-79,497.0,23.0
10 JAN 2021,80+,670.0,69.0
11 JAN 2021,0-9,304.0,0.0
11 JAN 2021,10-19,527.0,0.0
11 JAN 2021,20-29,840.0,0.0
11 JAN 2021,30-39,771.0,0.0
11 JAN 2021,40-49,885.0,1.0
11 JAN 2021,50-59,794.0,2.0
11 JAN 2021,60-69,588.0,14.0
11 JAN 2021,70-79,360.0,31.0
11 JAN 2021,80+,536.0,74.0
12 JAN 2021,0-9,326.0,0.0
12 JAN 2021,10-19,679.0,0.0
12 JAN 2021,20-29,1081.0,0.0
12 JAN 2021,30-39,1020.0,0.0
12 JAN 2021,40-49,1144.0,1.0
12 JAN 2021,50-59,1066.0,4.0
12 JAN 2021,60-69,847.0,17.0
12 JAN 2021,70-79,543.0,25.0
12 JAN 2021,80+,550.0,108.0
13 JAN 2021,0-9,598.0,0.0
13 JAN 2021,10-19,1000.0,0.0
13 JAN 2021,20-29,1489.0,0.0
13 JAN 2021,30-39,1557.0,1.0
13 JAN 2021,40-49,1739.0,2.0
13 JAN 2021,50-59,1570.0,5.0
13 JAN 2021,60-69,1120.0,12.0
13 JAN 2021,70-79,673.0,21.0
13 JAN 2021,80+,810.0,115.0
14 JAN 2021,0-9,642.0,0.0
14 JAN 2021,10-19,999.0,0.0
14 JAN 2021,20-29,1460.0,0.0
14 JAN 2021,30-39,1449.0,0.0
14 JAN 2021,40-49,1799.0,4.0
14 JAN 2021,50-59,1563.0,3.0
14 JAN 2021,60-69,1080.0,20.0
14 JAN 2021,70-79,732.0,34.0
14 JAN 2021,80+,972.0,87.0
15 JAN 2021,0-9,695.0,0.0
15 JAN 2021,10-19,1078.0,0.0
15 JAN 2021,20-29,1484.0,0.0
15 JAN 2021,30-39,1469.0,0.0
15 JAN 2021,40-49,1786.0,1.0
15 JAN 2021,50-59,1609.0,3.0
15 JAN 2021,60-69,981.0,13.0
15 JAN 2021,70-79,725.0,33.0
15 JAN 2021,80+,831.0,109.0
16 JAN 2021,0-9,681.0,0.0
16 JAN 2021,10-19,1178.0,0.0
16 JAN 2021,20-29,1483.0,0.0
16 JAN 2021,30-39,1481.0,1.0
16 JAN 2021,40-49,1844.0,1.0
16 JAN 2021,50-59,1635.0,5.0
16 JAN 2021,60-69,1028.0,16.0
16 JAN 2021,70-79,745.0,35.0
16 JAN 2021,80+,868.0,108.0
17 JAN 2021,0-9,687.0,0.0
17 JAN 2021,10-19,1135.0,0.0
17 JAN 2021,20-29,1320.0,0.0
17 JAN 2021,30-39,1365.0,1.0
17 JAN 2021,40-49,1753.0,0.0
17 JAN 2021,50-59,1403.0,3.0
17 JAN 2021,60-69,1074.0,9.0
17 JAN 2021,70-79,654.0,39.0
17 JAN 2021,80+,993.0,100.0
18 JAN 2021,0-9,446.0,0.0
18 JAN 2021,10-19,705.0,0.0
18 JAN 2021,20-29,898.0,1.0
18 JAN 2021,30-39,953.0,2.0
18 JAN 2021,40-49,1110.0,1.0
18 JAN 2021,50-59,935.0,3.0
18 JAN 2021,60-69,680.0,12.0
18 JAN 2021,70-79,435.0,22.0
18 JAN 2021,80+,540.0,126.0
19 JAN 2021,0-9,531.0,0.0
19 JAN 2021,10-19,892.0,0.0
19 JAN 2021,20-29,1299.0,0.0
19 JAN 2021,30-39,1457.0,2.0
19 JAN 2021,40-49,1807.0,0.0
19 JAN 2021,50-59,1587.0,7.0
19 JAN 2021,60-69,1106.0,16.0
19 JAN 2021,70-79,701.0,42.0
19 JAN 2021,80+,1072.0,151.0
20 JAN 2021,0-9,817.0,0.0
20 JAN 2021,10-19,1448.0,0.0
20 JAN 2021,20-29,1809.0,1.0
20 JAN 2021,30-39,2131.0,1.0
20 JAN 2021,40-49,2553.0,3.0
20 JAN 2021,50-59,2161.0,5.0
20 JAN 2021,60-69,1428.0,17.0
20 JAN 2021,70-79,990.0,45.0
20 JAN 2021,80+,1309.0,147.0
21 JAN 2021,0-9,874.0,0.0
21 JAN 2021,10-19,1459.0,0.0
21 JAN 2021,20-29,1668.0,0.0
21 JAN 2021,30-39,1851.0,1.0
21 JAN 2021,40-49,2392.0,1.0
21 JAN 2021,50-59,2054.0,8.0
21 JAN 2021,60-69,1342.0,19.0
21 JAN 2021,70-79,826.0,47.0
21 JAN 2021,80+,1073.0,145.0
22 JAN 2021,0-9,914.0,0.0
22 JAN 2021,10-19,1499.0,0.0
22 JAN 2021,20-29,1813.0,0.0
22 JAN 2021,30-39,1985.0,0.0
22 JAN 2021,40-49,2395.0,1.0
22 JAN 2021,50-59,2106.0,1.0
22 JAN 2021,60-69,1342.0,16.0
22 JAN 2021,70-79,865.0,53.0
22 JAN 2021,80+,1065.0,163.0
23 JAN 2021,0-9,957.0,0.0
23 JAN 2021,10-19,1619.0,0.0
23 JAN 2021,20-29,1922.0,0.0
23 JAN 2021,30-39,2152.0,0.0
23 JAN 2021,40-49,2666.0,1.0
23 JAN 2021,50-59,2363.0,8.0
23 JAN 2021,60-69,1560.0,29.0
23 JAN 2021,70-79,942.0,61.0
23 JAN 2021,80+,1152.0,175.0
24 JAN 2021,0-9,765.0,0.0
24 JAN 2021,10-19,1204.0,0.0
24 JAN 2021,20-29,1506.0,0.0
24 JAN 2021,30-39,1549.0,0.0
24 JAN 2021,40-49,2067.0,1.0
24 JAN 2021,50-59,1731.0,5.0
24 JAN 2021,60-69,1204.0,23.0
24 JAN 2021,70-79,715.0,61.0
24 JAN 2021,80+,977.0,185.0
25 JAN 2021,0-9,498.0,0.0
25 JAN 2021,10-19,701.0,0.0
25 JAN 2021,20-29,868.0,0.0
25 JAN 2021,30-39,947.0,0.0
25 JAN 2021,40-49,1162.0,1.0
25 JAN 2021,50-59,1010.0,5.0
25 JAN 2021,60-69,718.0,30.0
25 JAN 2021,70-79,486.0,50.0
25 JAN 2021,80+,532.0,166.0
26 JAN 2021,0-9,641.0,0.0
26 JAN 2021,10-19,975.0,0.0
26 JAN 2021,20-29,1363.0,0.0
26 JAN 2021,30-39,1502.0,1.0
26 JAN 2021,40-49,1907.0,3.0
26 JAN 2021,50-59,1649.0,11.0
26 JAN 2021,60-69,1143.0,22.0
26 JAN 2021,70-79,762.0,59.0
26 JAN 2021,80+,818.0,195.0
27 JAN 2021,0-9,907.0,0.0
27 JAN 2021,10-19,1465.0,0.0
27 JAN 2021,20-29,1799.0,0.0
27 JAN 2021,30-39,2062.0,0.0
27 JAN 2021,40-49,2720.0,5.0
27 JAN 2021,50-59,2383.0,3.0
27 JAN 2021,60-69,1597.0,17.0
27 JAN 2021,70-79,1034.0,77.0
27 JAN 2021,80+,1103.0,191.0
28 JAN 2021,0-9,1163.0,0.0
28 JAN 2021,10-19,1644.0,0.0
28 JAN 2021,20-29,2087.0,1.0
28 JAN 2021,30-39,2191.0,1.0
28 JAN 2021,40-49,2799.0,3.0
28 JAN 2021,50-59,2408.0,6.0
28 JAN 2021,60-69,1803.0,26.0
28 JAN 2021,70-79,1058.0,57.0
28 JAN 2021,80+,1272.0,209.0
29 JAN 2021,0-9,810.0,0.0
29 JAN 2021,10-19,1353.0,0.0
29 JAN 2021,20-29,1604.0,0.0
29 JAN 2021,30-39,1766.0,2.0
29 JAN 2021,40-49,2242.0,4.0
29 JAN 2021,50-59,2036.0,8.0
29 JAN 2021,60-69,1440.0,19.0
29 JAN 2021,70-79,876.0,58.0
29 JAN 2021,80+,1061.0,187.0
30 JAN 2021,0-9,787.0,0.0
30 JAN 2021,10-19,1206.0,0.0
30 JAN 2021,20-29,1527.0,0.0
30 JAN 2021,30-39,1638.0,1.0
30 JAN 2021,40-49,2144.0,3.0
30 JAN 2021,50-59,1905.0,9.0
30 JAN 2021,60-69,1393.0,30.0
30 JAN 2021,70-79,842.0,47.0
30 JAN 2021,80+,990.0,203.0
31 JAN 2021,0-9,707.0,0.0
31 JAN 2021,10-19,1010.0,0.0
31 JAN 2021,20-29,1083.0,0.0
31 JAN 2021,30-39,1265.0,1.0
31 JAN 2021,40-49,1624.0,0.0
31 JAN 2021,50-59,1405.0,6.0
31 JAN 2021,60-69,980.0,31.0
31 JAN 2021,70-79,681.0,48.0
31 JAN 2021,80+,744.0,217.0
01 FEV 2021,0-9,410.0,0.0
01 FEV 2021,10-19,515.0,0.0
01 FEV 2021,20-29,696.0,0.0
01 FEV 2021,30-39,725.0,1.0
01 FEV 2021,40-49,963.0,1.0
01 FEV 2021,50-59,897.0,11.0
01 FEV 2021,60-69,598.0,22.0
01 FEV 2021,70-79,412.0,63.0
01 FEV 2021,80+,586.0,177.0
02 FEV 2021,0-9,286.0,0.0
02 FEV 2021,10-19,455.0,0.0
02 FEV 2021,20-29,610.0,1.0
02 FEV 2021,30-39,717.0,0.0
02 FEV 2021,40-49,922.0,4.0
02 FEV 2021,50-59,934.0,4.0
02 FEV 2021,60-69,629.0,29.0
02 FEV 2021,70-79,423.0,52.0
02 FEV 2021,80+,561.0,170.0
03 FEV 2021,0-9,525.0,0.0
03 FEV 2021,10-19,867.0,0.0
03 FEV 2021,20-29,1092.0,0.0
03 FEV 2021,30-39,1223.0,0.0
03 FEV 2021,40-49,1587.0,1.0
03 FEV 2021,50-59,1318.0,9.0
03 FEV 2021,60-69,1070.0,24.0
03 FEV 2021,70-79,640.0,45.0
03 FEV 2021,80+,762.0,161.0
04 FEV 2021,0-9,429.0,0.0
04 FEV 2021,10-19,713.0,0.0
04 FEV 2021,20-29,988.0,0.0
04 FEV 2021,30-39,979.0,0.0
04 FEV 2021,40-49,1310.0,1.0
04 FEV 2021,50-59,1247.0,4.0
04 FEV 2021,60-69,895.0,22.0
04 FEV 2021,70-79,630.0,57.0
04 FEV 2021,80+,719.0,141.0
05 FEV 2021,0-9,404.0,0.0
05 FEV 2021,10-19,653.0,0.0
05 FEV 2021,20-29,845.0,0.0
05 FEV 2021,30-39,881.0,2.0
05 FEV 2021,40-49,1171.0,2.0
05 FEV 2021,50-59,1000.0,5.0
05 FEV 2021,60-69,778.0,28.0
05 FEV 2021,70-79,540.0,49.0
05 FEV 2021,80+,635.0,172.0
06 FEV 2021,0-9,343.0,1.0
06 FEV 2021,10-19,494.0,0.0
06 FEV 2021,20-29,692.0,0.0
06 FEV 2021,30-39,752.0,1.0
06 FEV 2021,40-49,1005.0,5.0
06 FEV 2021,50-59,954.0,3.0
06 FEV 2021,60-69,719.0,21.0
06 FEV 2021,70-79,481.0,46.0
06 FEV 2021,80+,687.0,137.0
07 FEV 2021,0-9,171.0,0.0
07 FEV 2021,10-19,335.0,0.0
07 FEV 2021,20-29,420.0,0.0
07 FEV 2021,30-39,418.0,0.0
07 FEV 2021,40-49,547.0,1.0
07 FEV 2021,50-59,567.0,4.0
07 FEV 2021,60-69,394.0,14.0
07 FEV 2021,70-79,285.0,66.0
07 FEV 2021,80+,369.0,119.0
08 FEV 2021,0-9,146.0,0.0
08 FEV 2021,10-19,205.0,0.0
08 FEV 2021,20-29,313.0,0.0
08 FEV 2021,30-39,334.0,0.0
08 FEV 2021,40-49,420.0,4.0
08 FEV 2021,50-59,392.0,9.0
08 FEV 2021,60-69,301.0,14.0
08 FEV 2021,70-79,186.0,40.0
08 FEV 2021,80+,209.0,129.0
09 FEV 2021,0-9,94.0,0.0
09 FEV 2021,10-19,177.0,0.0
09 FEV 2021,20-29,320.0,0.0
09 FEV 2021,30-39,373.0,2.0
09 FEV 2021,40-49,395.0,3.0
09 FEV 2021,50-59,398.0,6.0
09 FEV 2021,60-69,281.0,17.0
09 FEV 2021,70-79,241.0,43.0
09 FEV 2021,80+,304.0,132.0
10 FEV 2021,0-9,205.0,0.0
10 FEV 2021,10-19,340.0,0.0
10 FEV 2021,20-29,496.0,0.0
10 FEV 2021,30-39,577.0,1.0
10 FEV 2021,40-49,704.0,2.0
10 FEV 2021,50-59,721.0,1.0
10 FEV 2021,60-69,514.0,18.0
10 FEV 2021,70-79,348.0,36.0
10 FEV 2021,80+,475.0,103.0
11 FEV 2021,0-9,151.0,0.0
11 FEV 2021,10-19,260.0,0.0
11 FEV 2021,20-29,450.0,0.0
11 FEV 2021,30-39,437.0,0.0
11 FEV 2021,40-49,564.0,3.0
11 FEV 2021,50-59,544.0,6.0
11 FEV 2021,60-69,472.0,17.0
11 FEV 2021,70-79,287.0,41.0
11 FEV 2021,80+,312.0,100.0
12 FEV 2021,0-9,109.0,0.0
12 FEV 2021,10-19,254.0,0.0
12 FEV 2021,20-29,381.0,0.0
12 FEV 2021,30-39,364.0,1.0
12 FEV 2021,40-49,466.0,0.0
12 FEV 2021,50-59,426.0,2.0
12 FEV 2021,60-69,308.0,10.0
12 FEV 2021,70-79,258.0,33.0
12 FEV 2021,80+,285.0,103.0
13 FEV 2021,0-9,136.0,0.0
13 FEV 2021,10-19,248.0,0.0
13 FEV 2021,20-29,399.0,0.0
13 FEV 2021,30-39,397.0,1.0
13 FEV 2021,40-49,410.0,2.0
13 FEV 2021,50-59,451.0,5.0
13 FEV 2021,60-69,317.0,20.0
13 FEV 2021,70-79,219.0,36.0
13 FEV 2021,80+,276.0,85.0
14 FEV 2021,0-9,86.0,0.0
14 FEV 2021,10-19,166.0,0.0
14 FEV 2021,20-29,209.0,0.0
14 FEV 2021,30-39,197.0,0.0
14 FEV 2021,40-49,254.0,1.0
14 FEV 2021,50-59,255.0,2.0
14 FEV 2021,60-69,197.0,20.0
14 FEV 2021,70-79,117.0,35.0
14 FEV 2021,80+,198.0,80.0
15 FEV 2021,0-9,67.0,0.0
15 FEV 2021,10-19,95.0,0.0
15 FEV 2021,20-29,169.0,1.0
15 FEV 2021,30-39,166.0,0.0
15 FEV 2021,40-49,203.0,3.0
15 FEV 2021,50-59,189.0,4.0
15 FEV 2021,60-69,157.0,6.0
15 FEV 2021,70-79,130.0,22.0
15 FEV 2021,80+,127.0,54.0
16 FEV 2021,0-9,26.0,0.0
16 FEV 2021,10-19,116.0,0.0
16 FEV 2021,20-29,197.0,0.0
16 FEV 2021,30-39,212.0,0.0
16 FEV 2021,40-49,223.0,0.0
16 FEV 2021,50-59,241.0,9.0
16 FEV 2021,60-69,186.0,9.0
16 FEV 2021,70-79,141.0,25.0
16 FEV 2021,80+,157.0,68.0
17 FEV 2021,0-9,121.0,0.0
17 FEV 2021,10-19,192.0,0.0
17 FEV 2021,20-29,284.0,0.0
17 FEV 2021,30-39,328.0,0.0
17 FEV 2021,40-49,354.0,1.0
17 FEV 2021,50-59,362.0,4.0
17 FEV 2021,60-69,241.0,12.0
17 FEV 2021,70-79,186.0,34.0
17 FEV 2021,80+,254.0,76.0
18 FEV 2021,0-9,99.0,0.0
18 FEV 2021,10-19,173.0,0.0
18 FEV 2021,20-29,246.0,0.0
18 FEV 2021,30-39,296.0,0.0
18 FEV 2021,40-49,280.0,1.0
18 FEV 2021,50-59,273.0,7.0
18 FEV 2021,60-69,215.0,15.0
18 FEV 2021,70-79,184.0,28.0
18 FEV 2021,80+,170.0,54.0
19 FEV 2021,0-9,92.0,0.0
19 FEV 2021,10-19,172.0,0.0
19 FEV 2021,20-29,277.0,0.0
19 FEV 2021,30-39,265.0,0.0
19 FEV 2021,40-49,280.0,0.0
19 FEV 2021,50-59,304.0,1.0
19 FEV 2021,60-69,243.0,10.0
19 FEV 2021,70-79,148.0,17.0
19 FEV 2021,80+,163.0,39.0
20 FEV 2021,0-9,77.0,0.0
20 FEV 2021,10-19,130.0,0.0
20 FEV 2021,20-29,206.0,0.0
20 FEV 2021,30-39,222.0,0.0
20 FEV 2021,40-49,247.0,1.0
20 FEV 2021,50-59,231.0,2.0
20 FEV 2021,60-69,194.0,11.0
20 FEV 2021,70-79,112.0,10.0
20 FEV 2021,80+,152.0,52.0
21 FEV 2021,0-9,66.0,0.0
21 FEV 2021,10-19,90.0,0.0
21 FEV 2021,20-29,180.0,0.0
21 FEV 2021,30-39,123.0,0.0
21 FEV 2021,40-49,179.0,0.0
21 FEV 2021,50-59,170.0,4.0
21 FEV 2021,60-69,149.0,7.0
21 FEV 2021,70-79,103.0,17.0
21 FEV 2021,80+,125.0,37.0
22 FEV 2021,0-9,18.0,0.0
22 FEV 2021,10-19,41.0,0.0
22 FEV 2021,20-29,52.0,0.0
22 FEV 2021,30-39,63.0,0.0
22 FEV 2021,40-49,76.0,1.0
22 FEV 2021,50-59,97.0,2.0
22 FEV 2021,60-69,56.0,9.0
22 FEV 2021,70-79,54.0,10.0
22 FEV 2021,80+,92.0,39.0
23 FEV 2021,0-9,39.0,0.0
23 FEV 2021,10-19,69.0,0.0
23 FEV 2021,20-29,138.0,1.0
23 FEV 2021,30-39,130.0,0.0
23 FEV 2021,40-49,181.0,1.0
23 FEV 2021,50-59,143.0,0.0
23 FEV 2021,60-69,112.0,5.0
23 FEV 2021,70-79,90.0,17.0
23 FEV 2021,80+,129.0,39.0
24 FEV 2021,0-9,70.0,0.0
24 FEV 2021,10-19,127.0,0.0
24 FEV 2021,20-29,206.0,0.0
24 FEV 2021,30-39,217.0,0.0
24 FEV 2021,40-49,250.0,0.0
24 FEV 2021,50-59,213.0,0.0
24 FEV 2021,60-69,161.0,5.0
24 FEV 2021,70-79,116.0,11.0
24 FEV 2021,80+,121.0,34.0
25 FEV 2021,0-9,55.0,0.0
25 FEV 2021,10-19,80.0,0.0
25 FEV 2021,20-29,163.0,0.0
25 FEV 2021,30-39,167.0,0.0
25 FEV 2021,40-49,161.0,0.0
25 FEV 2021,50-59,158.0,1.0
25 FEV 2021,60-69,145.0,4.0
25 FEV 2021,70-79,102.0,14.0
25 FEV 2021,80+,130.0,30.0
26 FEV 2021,0-9,65.0,0.0
26 FEV 2021,10-19,103.0,0.0
26 FEV 2021,20-29,121.0,0.0
26 FEV 2021,30-39,125.0,0.0
26 FEV 2021,40-49,152.0,0.0
26 FEV 2021,50-59,154.0,2.0
26 FEV 2021,60-69,122.0,7.0
26 FEV 2021,70-79,80.0,16.0
26 FEV 2021,80+,106.0,33.0
27 FEV 2021,0-9,58.0,0.0
27 FEV 2021,10-19,78.0,0.0
27 FEV 2021,20-29,161.0,0.0
27 FEV 2021,30-39,130.0,0.0
27 FEV 2021,40-49,152.0,0.0
27 FEV 2021,50-59,182.0,2.0
27 FEV 2021,60-69,136.0,3.0
27 FEV 2021,70-79,86.0,13.0
27 FEV 2021,80+,87.0,15.0
28 FEV 2021,0-9,55.0,0.0
28 FEV 2021,10-19,62.0,0.0
28 FEV 2021,20-29,84.0,0.0
28 FEV 2021,30-39,97.0,0.0
28 FEV 2021,40-49,121.0,0.0
28 FEV 2021,50-59,103.0,1.0
28 FEV 2021,60-69,77.0,8.0
28 FEV 2021,70-79,49.0,13.0
28 FEV 2021,80+,70.0,19.0
01 MAR 2021,0-9,24.0,0.0
01 MAR 2021,10-19,15.0,0.0
01 MAR 2021,20-29,52.0,0.0
01 MAR 2021,30-39,66.0,1.0
01 MAR 2021,40-49,27.0,0.0
01 MAR 2021,50-59,64.0,0.0
01 MAR 2021,60-69,70.0,5.0
01 MAR 2021,70-79,33.0,5.0
01 MAR 2021,80+,43.0,23.0
02 MAR 2021,0-9,38.0,0.0
02 MAR 2021,10-19,46.0,0.0
02 MAR 2021,20-29,88.0,0.0
02 MAR 2021,30-39,100.0,0.0
02 MAR 2021,40-49,115.0,0.0
02 MAR 2021,50-59,122.0,4.0
02 MAR 2021,60-69,71.0,3.0
02 MAR 2021,70-79,46.0,8.0
02 MAR 2021,80+,63.0,23.0
03 MAR 2021,0-9,53.0,0.0
03 MAR 2021,10-19,117.0,0.0
03 MAR 2021,20-29,116.0,0.0
03 MAR 2021,30-39,131.0,0.0
03 MAR 2021,40-49,163.0,0.0
03 MAR 2021,50-59,139.0,1.0
03 MAR 2021,60-69,144.0,4.0
03 MAR 2021,70-79,59.0,9.0
03 MAR 2021,80+,59.0,27.0
04 MAR 2021,0-9,39.0,0.0
04 MAR 2021,10-19,43.0,0.0
04 MAR 2021,20-29,148.0,0.0
04 MAR 2021,30-39,98.0,0.0
04 MAR 2021,40-49,152.0,1.0
04 MAR 2021,50-59,132.0,2.0
04 MAR 2021,60-69,76.0,5.0
04 MAR 2021,70-79,55.0,9.0
04 MAR 2021,80+,89.0,11.0
05 MAR 2021,0-9,47.0,0.0
05 MAR 2021,10-19,86.0,0.0
05 MAR 2021,20-29,123.0,0.0
05 MAR 2021,30-39,132.0,0.0
05 MAR 2021,40-49,138.0,0.0
05 MAR 2021,50-59,176.0,2.0
05 MAR 2021,60-69,111.0,2.0
05 MAR 2021,70-79,66.0,5.0
05 MAR 2021,80+,71.0,19.0
06 MAR 2021,0-9,79.0,0.0
06 MAR 2021,10-19,93.0,0.0
06 MAR 2021,20-29,133.0,0.0
06 MAR 2021,30-39,140.0,0.0
06 MAR 2021,40-49,142.0,0.0
06 MAR 2021,50-59,153.0,2.0
06 MAR 2021,60-69,105.0,1.0
06 MAR 2021,70-79,82.0,12.0
06 MAR 2021,80+,77.0,11.0
07 MAR 2021,0-9,58.0,0.0
07 MAR 2021,10-19,57.0,0.0
07 MAR 2021,20-29,96.0,0.0
07 MAR 2021,30-39,88.0,1.0
07 MAR 2021,40-49,118.0,1.0
07 MAR 2021,50-59,106.0,2.0
07 MAR 2021,60-69,53.0,0.0
07 MAR 2021,70-79,61.0,12.0
07 MAR 2021,80+,46.0,12.0
08 MAR 2021,0-9,18.0,0.0
08 MAR 2021,10-19,14.0,0.0
08 MAR 2021,20-29,65.0,0.0
08 MAR 2021,30-39,40.0,0.0
08 MAR 2021,40-49,31.0,0.0
08 MAR 2021,50-59,74.0,1.0
08 MAR 2021,60-69,49.0,2.0
08 MAR 2021,70-79,32.0,4.0
08 MAR 2021,80+,42.0,18.0
09 MAR 2021,0-9,50.0,0.0
09 MAR 2021,10-19,64.0,0.0
09 MAR 2021,20-29,114.0,0.0
09 MAR 2021,30-39,111.0,0.0
09 MAR 2021,40-49,110.0,0.0
09 MAR 2021,50-59,146.0,1.0
09 MAR 2021,60-69,103.0,6.0
09 MAR 2021,70-79,68.0,11.0
09 MAR 2021,80+,79.0,12.0
10 MAR 2021,0-9,34.0,0.0
10 MAR 2021,10-19,40.0,0.0
10 MAR 2021,20-29,98.0,0.0
10 MAR 2021,30-39,101.0,0.0
10 MAR 2021,40-49,100.0,0.0
10 MAR 2021,50-59,87.0,3.0
10 MAR 2021,60-69,70.0,3.0
10 MAR 2021,70-79,47.0,5.0
10 MAR 2021,80+,53.0,11.0
11 MAR 2021,0-9,25.0,0.0
11 MAR 2021,10-19,45.0,0.0
11 MAR 2021,20-29,107.0,0.0
11 MAR 2021,30-39,95.0,0.0
11 MAR 2021,40-49,99.0,0.0
11 MAR 2021,50-59,86.0,1.0
11 MAR 2021,60-69,70.0,3.0
11 MAR 2021,70-79,52.0,2.0
11 MAR 2021,80+,48.0,12.0
12 MAR 2021,0-9,37.0,0.0
12 MAR 2021,10-19,38.0,0.0
12 MAR 2021,20-29,88.0,0.0
12 MAR 2021,30-39,79.0,0.0
12 MAR 2021,40-49,77.0,0.0
12 MAR 2021,50-59,95.0,1.0
12 MAR 2021,60-69,69.0,3.0
12 MAR 2021,70-79,47.0,4.0
12 MAR 2021,80+,48.0,7.0
13 MAR 2021,0-9,46.0,0.0
13 MAR 2021,10-19,33.0,0.0
13 MAR 2021,20-29,112.0,0.0
13 MAR 2021,30-39,61.0,0.0
13 MAR 2021,40-49,72.0,1.0
13 MAR 2021,50-59,89.0,0.0
13 MAR 2021,60-69,51.0,1.0
13 MAR 2021,70-79,41.0,3.0
13 MAR 2021,80+,60.0,14.0
14 MAR 2021,0-9,29.0,0.0
14 MAR 2021,10-19,50.0,0.0
14 MAR 2021,20-29,102.0,0.0
14 MAR 2021,30-39,68.0,0.0
14 MAR 2021,40-49,81.0,1.0
14 MAR 2021,50-59,79.0,1.0
14 MAR 2021,60-69,50.0,0.0
14 MAR 2021,70-79,38.0,6.0
14 MAR 2021,80+,40.0,7.0
15 MAR 2021,0-9,-1.0,0.0
15 MAR 2021,10-19,11.0,0.0
15 MAR 2021,20-29,32.0,0.0
15 MAR 2021,30-39,21.0,0.0
15 MAR 2021,40-49,36.0,0.0
15 MAR 2021,50-59,53.0,0.0
15 MAR 2021,60-69,40.0,1.0
15 MAR 2021,70-79,30.0,3.0
15 MAR 2021,80+,35.0,6.0
16 MAR 2021,0-9,14.0,0.0
16 MAR 2021,10-19,24.0,0.0
16 MAR 2021,20-29,48.0,0.0
16 MAR 2021,30-39,52.0,0.0
16 MAR 2021,40-49,55.0,1.0
16 MAR 2021,50-59,58.0,2.0
16 MAR 2021,60-69,53.0,1.0
16 MAR 2021,70-79,30.0,5.0
16 MAR 2021,80+,48.0,4.0
17 MAR 2021,0-9,24.0,0.0
17 MAR 2021,10-19,51.0,0.0
17 MAR 2021,20-29,93.0,0.0
17 MAR 2021,30-39,92.0,0.0
17 MAR 2021,40-49,106.0,0.0
17 MAR 2021,50-59,116.0,1.0
17 MAR 2021,60-69,81.0,2.0
17 MAR 2021,70-79,51.0,5.0
17 MAR 2021,80+,60.0,7.0
18 MAR 2021,0-9,21.0,0.0
18 MAR 2021,10-19,27.0,0.0
18 MAR 2021,20-29,80.0,0.0
18 MAR 2021,30-39,71.0,0.0
18 MAR 2021,40-49,77.0,0.0
18 MAR 2021,50-59,72.0,2.0
18 MAR 2021,60-69,56.0,3.0
18 MAR 2021,70-79,46.0,7.0
18 MAR 2021,80+,30.0,9.0
19 MAR 2021,0-9,35.0,0.0
19 MAR 2021,10-19,46.0,0.0
19 MAR 2021,20-29,89.0,0.0
19 MAR 2021,30-39,88.0,0.0
19 MAR 2021,40-49,90.0,1.0
19 MAR 2021,50-59,77.0,0.0
19 MAR 2021,60-69,72.0,4.0
19 MAR 2021,70-79,32.0,2.0
19 MAR 2021,80+,38.0,4.0
20 MAR 2021,0-9,33.0,0.0
20 MAR 2021,10-19,19.0,0.0
20 MAR 2021,20-29,65.0,0.0
20 MAR 2021,30-39,70.0,0.0
20 MAR 2021,40-49,76.0,0.0
20 MAR 2021,50-59,70.0,0.0
20 MAR 2021,60-69,57.0,3.0
20 MAR 2021,70-79,37.0,4.0
20 MAR 2021,80+,31.0,1.0
21 MAR 2021,0-9,21.0,0.0
21 MAR 2021,10-19,29.0,0.0
21 MAR 2021,20-29,74.0,0.0
21 MAR 2021,30-39,62.0,0.0
21 MAR 2021,40-49,69.0,0.0
21 MAR 2021,50-59,73.0,0.0
21 MAR 2021,60-69,62.0,2.0
21 MAR 2021,70-79,26.0,1.0
21 MAR 2021,80+,34.0,3.0
22 MAR 2021,0-9,3.0,0.0
22 MAR 2021,10-19,8.0,0.0
22 MAR 2021,20-29,38.0,0.0
22 MAR 2021,30-39,30.0,0.0
22 MAR 2021,40-49,32.0,0.0
22 MAR 2021,50-59,51.0,1.0
22 MAR 2021,60-69,40.0,1.0
22 MAR 2021,70-79,18.0,5.0
22 MAR 2021,80+,28.0,9.0
23 MAR 2021,0-9,8.0,0.0
23 MAR 2021,10-19,44.0,0.0
23 MAR 2021,20-29,52.0,0.0
23 MAR 2021,30-39,30.0,0.0
23 MAR 2021,40-49,78.0,0.0
23 MAR 2021,50-59,72.0,0.0
23 MAR 2021,60-69,56.0,0.0
23 MAR 2021,70-79,38.0,3.0
23 MAR 2021,80+,52.0,7.0
24 MAR 2021,0-9,21.0,0.0
24 MAR 2021,10-19,41.0,0.0
24 MAR 2021,20-29,98.0,0.0
24 MAR 2021,30-39,114.0,0.0
24 MAR 2021,40-49,61.0,0.0
24 MAR 2021,50-59,91.0,2.0
24 MAR 2021,60-69,78.0,0.0
24 MAR 2021,70-79,40.0,0.0
24 MAR 2021,80+,33.0,9.0
25 MAR 2021,0-9,17.0,0.0
25 MAR 2021,10-19,23.0,0.0
25 MAR 2021,20-29,43.0,0.0
25 MAR 2021,30-39,76.0,0.0
25 MAR 2021,40-49,62.0,0.0
25 MAR 2021,50-59,67.0,0.0
25 MAR 2021,60-69,75.0,2.0
25 MAR 2021,70-79,34.0,1.0
25 MAR 2021,80+,40.0,6.0
26 MAR 2021,0-9,20.0,0.0
26 MAR 2021,10-19,60.0,0.0
26 MAR 2021,20-29,92.0,0.0
26 MAR 2021,30-39,53.0,0.0
26 MAR 2021,40-49,71.0,0.0
26 MAR 2021,50-59,62.0,0.0
26 MAR 2021,60-69,62.0,0.0
26 MAR 2021,70-79,18.0,2.0
26 MAR 2021,80+,44.0,3.0
27 MAR 2021,0-9,4.0,0.0
27 MAR 2021,10-19,21.0,0.0
27 MAR 2021,20-29,34.0,0.0
27 MAR 2021,30-39,35.0,0.0
27 MAR 2021,40-49,57.0,0.0
27 MAR 2021,50-59,42.0,1.0
27 MAR 2021,60-69,55.0,1.0
27 MAR 2021,70-79,32.0,1.0
27 MAR 2021,80+,64.0,5.0
28 MAR 2021,0-9,27.0,0.0
28 MAR 2021,10-19,5.0,0.0
28 MAR 2021,20-29,58.0,0.0
28 MAR 2021,30-39,39.0,0.0
28 MAR 2021,40-49,59.0,0.0
28 MAR 2021,50-59,54.0,1.0
28 MAR 2021,60-69,59.0,1.0
28 MAR 2021,70-79,32.0,2.0
28 MAR 2021,80+,32.0,6.0
29 MAR 2021,0-9,21.0,0.0
29 MAR 2021,10-19,42.0,0.0
29 MAR 2021,20-29,34.0,0.0
29 MAR 2021,30-39,35.0,0.0
29 MAR 2021,40-49,41.0,0.0
29 MAR 2021,50-59,36.0,0.0
29 MAR 2021,60-69,62.0,0.0
29 MAR 2021,70-79,10.0,2.0
29 MAR 2021,80+,29.0,4.0
30 MAR 2021,0-9,22.0,0.0
30 MAR 2021,10-19,20.0,0.0
30 MAR 2021,20-29,47.0,0.0
30 MAR 2021,30-39,43.0,0.0
30 MAR 2021,40-49,77.0,0.0
30 MAR 2021,50-59,65.0,0.0
30 MAR 2021,60-69,45.0,1.0
30 MAR 2021,70-79,39.0,0.0
30 MAR 2021,80+,29.0,1.0
31 MAR 2021,0-9,94.0,0.0
31 MAR 2021,10-19,44.0,0.0
31 MAR 2021,20-29,69.0,0.0
31 MAR 2021,30-39,71.0,0.0
31 MAR 2021,40-49,127.0,0.0
31 MAR 2021,50-59,81.0,0.0
31 MAR 2021,60-69,65.0,1.0
31 MAR 2021,70-79,37.0,1.0
31 MAR 2021,80+,28.0,1.0
01 ABR 2021,0-9,68.0,0.0
01 ABR 2021,10-19,39.0,0.0
01 ABR 2021,20-29,84.0,0.0
01 ABR 2021,30-39,88.0,0.0
01 ABR 2021,40-49,98.0,0.0
01 ABR 2021,50-59,82.0,1.0
01 ABR 2021,60-69,65.0,2.0
01 ABR 2021,70-79,31.0,2.0
01 ABR 2021,80+,37.0,6.0
02 ABR 2021,0-9,61.0,0.0
02 ABR 2021,10-19,18.0,0.0
02 ABR 2021,20-29,79.0,0.0
02 ABR 2021,30-39,98.0,0.0
02 ABR 2021,40-49,77.0,0.0
02 ABR 2021,50-59,88.0,0.0
02 ABR 2021,60-69,55.0,0.0
02 ABR 2021,70-79,29.0,4.0
02 ABR 2021,80+,44.0,5.0
03 ABR 2021,0-9,19.0,0.0
03 ABR 2021,10-19,1.0,0.0
03 ABR 2021,20-29,46.0,0.0
03 ABR 2021,30-39,44.0,0.0
03 ABR 2021,40-49,43.0,0.0
03 ABR 2021,50-59,30.0,0.0
03 ABR 2021,60-69,58.0,2.0
03 ABR 2021,70-79,10.0,2.0
03 ABR 2021,80+,27.0,3.0
04 ABR 2021,0-9,22.0,0.0
04 ABR 2021,10-19,18.0,0.0
04 ABR 2021,20-29,26.0,0.0
04 ABR 2021,30-39,31.0,0.0
04 ABR 2021,40-49,18.0,0.0
04 ABR 2021,50-59,10.0,0.0
04 ABR 2021,60-69,28.0,1.0
04 ABR 2021,70-79,16.0,0.0
04 ABR 2021,80+,24.0,3.0
